month,cpi_u_sa,unemployment_rate_sa
1977-01,58.7,7.5
1977-02,59.3,7.6
1977-03,59.6,7.4
1977-04,60.0,7.2
1977-05,60.2,7.0
1977-06,60.5,7.2
1977-07,60.8,6.9
1977-08,61.1,7.0
1977-09,61.3,6.8
1977-10,61.6,6.8
1977-11,62.0,6.8
1977-12,62.3,6.4
1978-01,62.7,6.4
1978-02,63.0,6.3
1978-03,63.4,6.3
1978-04,63.9,6.1
1978-05,64.5,6.0
1978-06,65.0,5.9
1978-07,65.5,6.2
1978-08,65.9,5.9
1978-09,66.5,6.0
1978-10,67.1,5.8
1978-11,67.5,5.9
1978-12,67.9,6.0
1979-01,68.5,5.9
1979-02,69.2,5.9
1979-03,69.9,5.8
1979-04,70.6,5.8
1979-05,71.4,5.6
1979-06,72.2,5.7
1979-07,73.0,5.7
1979-08,73.7,6.0
1979-09,74.4,5.9
1979-10,75.2,6.0
1979-11,76.0,5.9
1979-12,76.9,6.0
1980-01,78.0,6.3
1980-02,79.0,6.3
1980-03,80.1,6.3
1980-04,80.9,6.9
1980-05,81.7,7.5
1980-06,82.5,7.6
1980-07,82.6,7.8
1980-08,83.2,7.7
1980-09,83.9,7.5
1980-10,84.7,7.5
1980-11,85.6,7.5
1980-12,86.4,7.2
1981-01,87.2,7.5
1981-02,88.0,7.4
1981-03,88.6,7.4
1981-04,89.1,7.2
1981-05,89.7,7.5
1981-06,90.5,7.5
1981-07,91.5,7.2
1981-08,92.2,7.4
1981-09,93.1,7.6
1981-10,93.4,7.9
1981-11,93.8,8.3
1981-12,94.1,8.5
1982-01,94.4,8.6
1982-02,94.7,8.9
1982-03,94.7,9.0
1982-04,95.0,9.3
1982-05,95.9,9.4
1982-06,97.0,9.6
1982-07,97.5,9.8
1982-08,97.7,9.8
1982-09,97.7,10.1
1982-10,98.1,10.4
1982-11,98.0,10.8
1982-12,97.7,10.8
1983-01,97.9,10.4
1983-02,98.0,10.4
1983-03,98.1,10.3
1983-04,98.8,10.2
1983-05,99.2,10.1
1983-06,99.4,10.1
1983-07,99.8,9.4
1983-08,100.1,9.5
1983-09,100.4,9.2
1983-10,100.8,8.8
1983-11,101.1,8.5
1983-12,101.4,8.3
1984-01,102.1,8.0
1984-02,102.6,7.8
1984-03,102.9,7.8
1984-04,103.3,7.7
1984-05,103.5,7.4
1984-06,103.7,7.2
1984-07,104.1,7.5
1984-08,104.4,7.5
1984-09,104.7,7.3
1984-10,105.1,7.4
1984-11,105.3,7.2
1984-12,105.5,7.3
1985-01,105.7,7.3
1985-02,106.3,7.2
1985-03,106.8,7.2
1985-04,107.0,7.3
1985-05,107.2,7.2
1985-06,107.5,7.4
1985-07,107.7,7.4
1985-08,107.9,7.1
1985-09,108.1,7.1
1985-10,108.5,7.1
1985-11,109.0,7.0
1985-12,109.5,7.0
1986-01,109.9,6.7
1986-02,109.7,7.2
1986-03,109.1,7.2
1986-04,108.7,7.1
1986-05,109.0,7.2
1986-06,109.4,7.2
1986-07,109.5,7.0
1986-08,109.6,6.9
1986-09,110.0,7.0
1986-10,110.2,7.0
1986-11,110.4,6.9
1986-12,110.8,6.6
1987-01,111.4,6.6
1987-02,111.8,6.6
1987-03,112.2,6.6
1987-04,112.7,6.3
1987-05,113.0,6.3
1987-06,113.5,6.2
1987-07,113.8,6.1
1987-08,114.3,6.0
1987-09,114.7,5.9
1987-10,115.0,6.0
1987-11,115.4,5.8
1987-12,115.6,5.7
1988-01,116.0,5.7
1988-02,116.2,5.7
1988-03,116.5,5.7
1988-04,117.2,5.4
1988-05,117.5,5.6
1988-06,118.0,5.4
1988-07,118.5,5.4
1988-08,119.0,5.6
1988-09,119.5,5.4
1988-10,119.9,5.4
1988-11,120.3,5.3
1988-12,120.7,5.3
1989-01,121.2,5.4
1989-02,121.6,5.2
1989-03,122.2,5.0
1989-04,123.1,5.2
1989-05,123.7,5.2
1989-06,124.1,5.3
1989-07,124.5,5.2
1989-08,124.5,5.2
1989-09,124.8,5.3
1989-10,125.4,5.3
1989-11,125.9,5.4
1989-12,126.3,5.4
1990-01,127.5,5.4
1990-02,128.0,5.3
1990-03,128.6,5.2
1990-04,128.9,5.4
1990-05,129.1,5.4
1990-06,129.9,5.2
1990-07,130.5,5.5
1990-08,131.6,5.7
1990-09,132.5,5.9
1990-10,133.4,5.9
1990-11,133.7,6.2
1990-12,134.2,6.3
1991-01,134.7,6.4
1991-02,134.8,6.6
1991-03,134.8,6.8
1991-04,135.1,6.7
1991-05,135.6,6.9
1991-06,136.0,6.9
1991-07,136.2,6.8
1991-08,136.6,6.9
1991-09,137.0,6.9
1991-10,137.2,7.0
1991-11,137.8,7.0
1991-12,138.2,7.3
1992-01,138.3,7.3
1992-02,138.6,7.4
1992-03,139.1,7.4
1992-04,139.4,7.4
1992-05,139.7,7.6
1992-06,140.1,7.8
1992-07,140.5,7.7
1992-08,140.8,7.6
1992-09,141.1,7.6
1992-10,141.7,7.3
1992-11,142.1,7.4
1992-12,142.3,7.4
1993-01,142.8,7.3
1993-02,143.1,7.1
1993-03,143.3,7.0
1993-04,143.8,7.1
1993-05,144.2,7.1
1993-06,144.3,7.0
1993-07,144.5,6.9
1993-08,144.8,6.8
1993-09,145.0,6.7
1993-10,145.6,6.8
1993-11,146.0,6.6
1993-12,146.3,6.5
1994-01,146.3,6.6
1994-02,146.7,6.6
1994-03,147.1,6.5
1994-04,147.2,6.4
1994-05,147.5,6.1
1994-06,147.9,6.1
1994-07,148.4,6.1
1994-08,149.0,6.0
1994-09,149.3,5.9
1994-10,149.4,5.8
1994-11,149.8,5.6
1994-12,150.1,5.5
1995-01,150.5,5.6
1995-02,150.9,5.4
1995-03,151.2,5.4
1995-04,151.8,5.8
1995-05,152.1,5.6
1995-06,152.4,5.6
1995-07,152.6,5.7
1995-08,152.9,5.7
1995-09,153.1,5.6
1995-10,153.5,5.5
1995-11,153.7,5.6
1995-12,153.9,5.6
1996-01,154.7,5.6
1996-02,155.0,5.5
1996-03,155.5,5.5
1996-04,156.1,5.6
1996-05,156.4,5.6
1996-06,156.7,5.3
1996-07,157.0,5.5
1996-08,157.2,5.1
1996-09,157.7,5.2
1996-10,158.2,5.2
1996-11,158.7,5.4
1996-12,159.1,5.4
1997-01,159.4,5.3
1997-02,159.7,5.2
1997-03,159.8,5.2
1997-04,159.9,5.1
1997-05,159.9,4.9
1997-06,160.2,5.0
1997-07,160.4,4.9
1997-08,160.8,4.8
1997-09,161.2,4.9
1997-10,161.5,4.7
1997-11,161.7,4.6
1997-12,161.8,4.7
1998-01,162.0,4.6
1998-02,162.0,4.6
1998-03,162.0,4.7
1998-04,162.2,4.3
1998-05,162.6,4.4
1998-06,162.8,4.5
1998-07,163.2,4.5
1998-08,163.4,4.5
1998-09,163.5,4.6
1998-10,163.9,4.5
1998-11,164.1,4.4
1998-12,164.4,4.4
1999-01,164.7,4.3
1999-02,164.7,4.4
1999-03,164.8,4.2
1999-04,165.9,4.3
1999-05,166.0,4.2
1999-06,166.0,4.3
1999-07,166.7,4.3
1999-08,167.1,4.2
1999-09,167.8,4.2
1999-10,168.1,4.1
1999-11,168.4,4.1
1999-12,168.8,4.0
2000-01,169.3,4.0
2000-02,170.0,4.1
2000-03,171.0,4.0
2000-04,170.9,3.8
2000-05,171.2,4.0
2000-06,172.2,4.0
2000-07,172.7,4.0
2000-08,172.7,4.1
2000-09,173.6,3.9
2000-10,173.9,3.9
2000-11,174.2,3.9
2000-12,174.6,3.9
2001-01,175.6,4.2
2001-02,176.0,4.2
2001-03,176.1,4.3
2001-04,176.4,4.4
2001-05,177.3,4.3
2001-06,177.7,4.5
2001-07,177.4,4.6
2001-08,177.4,4.9
2001-09,178.1,5.0
2001-10,177.6,5.3
2001-11,177.5,5.5
2001-12,177.4,5.7
2002-01,177.7,5.7
2002-02,178.0,5.7
2002-03,178.5,5.7
2002-04,179.3,5.9
2002-05,179.5,5.8
2002-06,179.6,5.8
2002-07,180.0,5.8
2002-08,180.5,5.7
2002-09,180.8,5.7
2002-10,181.2,5.7
2002-11,181.5,5.9
2002-12,181.8,6.0
2003-01,182.6,5.8
2003-02,183.6,5.9
2003-03,183.9,5.9
2003-04,183.2,6.0
2003-05,182.9,6.1
2003-06,183.1,6.3
2003-07,183.7,6.2
2003-08,184.5,6.1
2003-09,185.1,6.1
2003-10,184.9,6.0
2003-11,185.0,5.8
2003-12,185.5,5.7
2004-01,186.3,5.7
2004-02,186.7,5.6
2004-03,187.1,5.8
2004-04,187.4,5.6
2004-05,188.2,5.6
2004-06,188.9,5.6
2004-07,189.1,5.5
2004-08,189.2,5.4
2004-09,189.8,5.4
2004-10,190.8,5.5
2004-11,191.7,5.4
2004-12,191.7,5.4
2005-01,191.6,5.3
2005-02,192.4,5.4
2005-03,193.1,5.2
2005-04,193.7,5.2
2005-05,193.6,5.1
2005-06,193.7,5.0
2005-07,194.9,5.0
2005-08,196.1,4.9
2005-09,198.8,5.0
2005-10,199.1,5.0
2005-11,198.1,5.0
2005-12,198.1,4.9
2006-01,199.3,4.7
2006-02,199.4,4.8
2006-03,199.7,4.7
2006-04,200.7,4.7
2006-05,201.3,4.6
2006-06,201.8,4.6
2006-07,202.9,4.7
2006-08,203.8,4.7
2006-09,202.8,4.5
2006-10,201.9,4.4
2006-11,202.0,4.5
2006-12,203.1,4.4
2007-01,203.437,4.6
2007-02,204.226,4.5
2007-03,205.288,4.4
2007-04,205.904,4.5
2007-05,206.755,4.4
2007-06,207.234,4.6
2007-07,207.603,4.7
2007-08,207.667,4.6
2007-09,208.547,4.7
2007-10,209.19,4.7
2007-11,210.834,4.7
2007-12,211.445,5.0
2008-01,212.174,5.0
2008-02,212.687,4.9
2008-03,213.448,5.1
2008-04,213.942,5.0
2008-05,215.208,5.4
2008-06,217.463,5.6
2008-07,219.016,5.8
2008-08,218.69,6.1
2008-09,218.877,6.1
2008-10,216.995,6.5
2008-11,213.153,6.8
2008-12,211.398,7.3
2009-01,211.933,7.8
2009-02,212.705,8.3
2009-03,212.495,8.7
2009-04,212.709,9.0
2009-05,213.022,9.4
2009-06,214.79,9.5
2009-07,214.726,9.5
2009-08,215.445,9.6
2009-09,215.861,9.8
2009-10,216.509,10.0
2009-11,217.234,9.9
2009-12,217.347,9.9
2010-01,217.488,9.8
2010-02,217.281,9.8
2010-03,217.353,9.9
2010-04,217.403,9.9
2010-05,217.29,9.6
2010-06,217.199,9.4
2010-07,217.605,9.4
2010-08,217.923,9.5
2010-09,218.275,9.5
2010-10,219.035,9.4
2010-11,219.59,9.8
2010-12,220.472,9.3
2011-01,221.187,9.1
2011-02,221.898,9.0
2011-03,223.046,9.0
2011-04,224.093,9.1
2011-05,224.806,9.0
2011-06,224.806,9.1
2011-07,225.395,9.0
2011-08,226.106,9.0
2011-09,226.597,9.0
2011-10,226.75,8.8
2011-11,227.169,8.6
2011-12,227.223,8.5
2012-01,227.842,8.3
2012-02,228.329,8.3
2012-03,228.807,8.2
2012-04,229.187,8.2
2012-05,228.713,8.2
2012-06,228.524,8.2
2012-07,228.59,8.2
2012-08,229.918,8.1
2012-09,231.015,7.8
2012-10,231.638,7.8
2012-11,231.249,7.7
2012-12,231.221,7.9
2013-01,231.679,8.0
2013-02,232.937,7.7
2013-03,232.282,7.5
2013-04,231.797,7.6
2013-05,231.893,7.5
2013-06,232.445,7.5
2013-07,232.9,7.3
2013-08,233.456,7.2
2013-09,233.544,7.2
2013-10,233.669,7.2
2013-11,234.1,6.9
2013-12,234.719,6.7
2014-01,235.288,6.6
2014-02,235.547,6.7
2014-03,236.028,6.7
2014-04,236.468,6.2
2014-05,236.918,6.3
2014-06,237.231,6.1
2014-07,237.498,6.2
2014-08,237.46,6.1
2014-09,237.477,5.9
2014-10,237.43,5.7
2014-11,236.983,5.8
2014-12,236.252,5.6
2015-01,234.747,5.7
2015-02,235.342,5.5
2015-03,235.976,5.4
2015-04,236.222,5.4
2015-05,237.001,5.6
2015-06,237.657,5.3
2015-07,238.034,5.2
2015-08,238.033,5.1
2015-09,237.498,5.0
2015-10,237.733,5.0
2015-11,238.017,5.1
2015-12,237.761,5.0
2016-01,237.652,4.8
2016-02,237.336,4.9
2016-03,238.08,5.0
2016-04,238.992,5.1
2016-05,239.557,4.8
2016-06,240.222,4.9
2016-07,240.101,4.8
2016-08,240.545,4.9
2016-09,241.176,5.0
2016-10,241.741,4.9
2016-11,242.026,4.7
2016-12,242.637,4.7
2017-01,243.618,4.7
2017-02,244.006,4.6
2017-03,243.892,4.4
2017-04,244.193,4.4
2017-05,244.004,4.4
2017-06,244.163,4.3
2017-07,244.243,4.3
2017-08,245.183,4.4
2017-09,246.435,4.3
2017-10,246.626,4.2
2017-11,247.284,4.2
2017-12,247.805,4.1
2018-01,248.859,4.0
2018-02,249.529,4.1
2018-03,249.577,4.0
2018-04,250.227,4.0
2018-05,250.792,3.8
2018-06,251.018,4.0
2018-07,251.214,3.8
2018-08,251.663,3.8
2018-09,252.182,3.7
2018-10,252.772,3.8
2018-11,252.594,3.8
2018-12,252.767,3.9
2019-01,252.561,4.0
2019-02,253.319,3.8
2019-03,254.277,3.8
2019-04,255.233,3.7
2019-05,255.296,3.6
2019-06,255.213,3.6
2019-07,255.802,3.7
2019-08,256.036,3.6
2019-09,256.43,3.5
2019-10,257.155,3.6
2019-11,257.879,3.6
2019-12,258.63,3.6
2020-01,259.127,3.6
2020-02,259.25,3.5
2020-03,258.076,4.4
2020-04,256.032,14.8
2020-05,255.802,13.2
2020-06,257.042,11.0
2020-07,258.352,10.2
2020-08,259.316,8.4
2020-09,259.997,7.8
2020-10,260.319,6.9
2020-11,260.911,6.7
2020-12,262.045,6.7
2021-01,262.687,6.4
2021-02,263.579,6.2
2021-03,264.961,6.1
2021-04,266.614,6.1
2021-05,268.383,5.8
2021-06,270.654,5.9
2021-07,271.903,5.4
2021-08,272.676,5.1
2021-09,273.91,4.7
2021-10,276.55,4.5
2021-11,278.919,4.1
2021-12,280.845,3.9
2022-01,282.543,4.0
2022-02,284.5,3.9
2022-03,287.674,3.7
2022-04,288.561,3.7
2022-05,291.298,3.6
2022-06,294.957,3.6
2022-07,294.913,3.5
2022-08,295.097,3.6
2022-09,296.349,3.5
2022-10,298.007,3.6
2022-11,298.786,3.6
2022-12,298.832,3.5
2023-01,300.42,3.5
2023-02,301.45,3.6
2023-03,301.821,3.5
2023-04,302.845,3.4
2023-05,303.334,3.6
2023-06,304.014,3.6
2023-07,304.609,3.5
2023-08,306.082,3.7
2023-09,307.276,3.7
2023-10,307.696,3.9
2023-11,308.148,3.7
2023-12,308.741,3.8
2024-01,309.698,3.7
2024-02,310.967,3.9
2024-03,312.345,3.9
2024-04,313.023,3.9
2024-05,313.175,3.9
2024-06,313.044,4.1
2024-07,313.569,4.2
2024-08,314.062,4.2
2024-09,314.732,4.1
2024-10,315.631,4.1
2024-11,316.528,4.2
2024-12,317.604,4.1
2025-01,318.961,4.0
2025-02,319.679,4.2
2025-03,319.785,4.2
2025-04,320.302,4.2
2025-05,320.62,4.3
2025-06,321.435,4.1
2025-07,322.169,4.3
2025-08,323.291,4.3
2025-09,324.245,4.4
2025-10,,
2025-11,325.063,4.5
2025-12,326.031,4.4
2026-01,326.588,4.3
2026-02,327.46,4.4
2026-03,330.293,4.3
2026-04,332.407,4.3
2026-05,333.979,4.3
2026-06,332.568,4.2
2026-07,332.813,4.1
2026-08,334.131,4.1
2026-09,,4.2
