event_id,event_date,weekday,first_reaction_tsp_date,timing_note,end_date,category,region,title,description,source_name,source_url
E1987_BLACK_MONDAY,1987-10-19,Monday,,before TSP daily share-price history (starts 2003-06-02); use TSP monthly returns or index proxies,,market_crash,US,Black Monday stock market crash,"U.S. stock prices fell sharply in a single session; Dow Jones Industrial Average declined about 22.6% on Oct 19, 1987.",Federal Reserve History,https://www.federalreservehistory.org/essays/stock-market-crash-of-1987
E1990_RECESSION,1990-07-01,Sunday,,before TSP daily share-price history (starts 2003-06-02); use TSP monthly returns or index proxies,1991-03-01,recession,US,NBER recession (July 1990 - March 1991),"NBER business-cycle peak July 1990, trough March 1991.",NBER Business Cycle Dating,https://www.nber.org/research/business-cycle-dating
E1990_KUWAIT,1990-08-02,Thursday,,before TSP daily share-price history (starts 2003-06-02); use TSP monthly returns or index proxies,1991-02-28,war,Middle East,Iraq invades Kuwait,"Iraqi forces invaded Kuwait on Aug 2, 1990, leading to an oil-price spike and the U.S.-led coalition response.",U.S. Department of State Office of the Historian,https://history.state.gov/milestones/1989-1992/gulf-war
E1991_DESERT_STORM,1991-01-17,Thursday,,before TSP daily share-price history (starts 2003-06-02); use TSP monthly returns or index proxies,1991-02-28,war,Middle East,Operation Desert Storm air campaign begins,"Coalition air campaign against Iraq began the night of Jan 16-17, 1991 (U.S. Eastern evening of Jan 16); ground war ended Feb 28, 1991.",U.S. Department of State Office of the Historian,https://history.state.gov/milestones/1989-1992/gulf-war
E1994_BOND_SELLOFF,1994-02-04,Friday,,before TSP daily share-price history (starts 2003-06-02); use TSP monthly returns or index proxies,1995-02-01,rate_shock,US,Fed begins 1994 tightening cycle,"FOMC began raising the federal funds rate target on Feb 4, 1994, followed by a broad bond-market selloff during 1994.",Federal Reserve History,https://www.federalreservehistory.org/essays/fed-under-greenspan
E1997_ASIAN_CRISIS,1997-10-27,Monday,,before TSP daily share-price history (starts 2003-06-02); use TSP monthly returns or index proxies,,financial_crisis,Asia/Global,Asian financial crisis U.S. market selloff,"Spillover from the Asian financial crisis; NYSE circuit breakers halted trading on Oct 27, 1997.",Federal Reserve History,https://www.federalreservehistory.org/essays/asian-financial-crisis
E1998_RUSSIA_DEFAULT,1998-08-17,Monday,,before TSP daily share-price history (starts 2003-06-02); use TSP monthly returns or index proxies,,financial_crisis,Russia/Global,Russian government default and ruble devaluation,"Russia devalued the ruble and defaulted on domestic debt on Aug 17, 1998.",Federal Reserve History,https://www.federalreservehistory.org/essays/russian-financial-crisis
E1998_LTCM,1998-09-23,Wednesday,,before TSP daily share-price history (starts 2003-06-02); use TSP monthly returns or index proxies,,financial_crisis,US,LTCM recapitalization arranged,"Private-sector recapitalization of Long-Term Capital Management arranged with Federal Reserve Bank of New York facilitation on Sep 23, 1998.",Federal Reserve History,https://www.federalreservehistory.org/essays/ltcm-near-failure
E1999_KOSOVO,1999-03-24,Wednesday,,before TSP daily share-price history (starts 2003-06-02); use TSP monthly returns or index proxies,1999-06-10,war,Europe,NATO Operation Allied Force (Kosovo),"NATO air campaign against the Federal Republic of Yugoslavia, Mar 24 - Jun 10, 1999.",NATO,https://www.nato.int/cps/en/natohq/topics_49602.htm
E2000_DOTCOM_PEAK,2000-03-10,Friday,,before TSP daily share-price history (starts 2003-06-02); use TSP monthly returns or index proxies,2002-10-09,market_crash,US,Dot-com bubble peak and bear market,"Nasdaq Composite peaked Mar 10, 2000; U.S. equities entered a multi-year bear market that bottomed in October 2002.",Wikipedia,https://en.wikipedia.org/wiki/Dot-com_bubble
E2001_RECESSION,2001-03-01,Thursday,,before TSP daily share-price history (starts 2003-06-02); use TSP monthly returns or index proxies,2001-11-01,recession,US,NBER recession (March - November 2001),"NBER business-cycle peak March 2001, trough November 2001.",NBER Business Cycle Dating,https://www.nber.org/research/business-cycle-dating
E2001_SEPT11,2001-09-11,Tuesday,,"U.S. equity markets closed Sep 11-14, reopened Sep 17, 2001; before TSP daily history",2001-09-17,terrorism,US,September 11 attacks; U.S. markets closed,"Terrorist attacks on Sep 11, 2001; NYSE and Nasdaq stayed closed and reopened Sep 17, 2001.",9/11 Commission Report,https://www.9-11commission.gov/report/
E2001_AFGHANISTAN,2001-10-07,Sunday,,before TSP daily share-price history (starts 2003-06-02); use TSP monthly returns or index proxies,2021-08-30,war,Central Asia,U.S.-led military operations in Afghanistan begin,"Operation Enduring Freedom air strikes began Oct 7, 2001; U.S. withdrawal completed Aug 30, 2021.",Council on Foreign Relations,https://www.cfr.org/timeline/us-war-afghanistan
E2002_WORLDCOM,2002-07-21,Sunday,,before TSP daily share-price history (starts 2003-06-02); use TSP monthly returns or index proxies,,financial_crisis,US,WorldCom bankruptcy filing (corporate accounting scandals),"WorldCom filed for Chapter 11 on Jul 21, 2002, then the largest U.S. bankruptcy, amid a wave of accounting scandals.",Wikipedia,https://en.wikipedia.org/wiki/WorldCom_scandal
E2003_IRAQ_WAR,2003-03-20,Thursday,,before TSP daily share-price history (starts 2003-06-02); use TSP monthly returns or index proxies,2011-12-18,war,Middle East,Iraq War begins,"U.S.-led invasion of Iraq began Mar 20, 2003 (local time; evening of Mar 19 U.S. Eastern).",Council on Foreign Relations,https://www.cfr.org/timeline/iraq-war
E2005_LONDON_BOMBINGS,2005-07-07,Thursday,2005-07-07,,,terrorism,Europe,London transit bombings,"Coordinated terrorist bombings on the London transport network on Jul 7, 2005.",Wikipedia,https://en.wikipedia.org/wiki/7_July_2005_London_bombings
E2007_CREDIT_CRUNCH,2007-08-09,Thursday,2007-08-09,,,financial_crisis,Global,BNP Paribas freezes funds; credit crunch begins,"BNP Paribas suspended three funds exposed to U.S. subprime mortgages on Aug 9, 2007; interbank funding stress followed.",Federal Reserve History,https://www.federalreservehistory.org/essays/great-recession-of-200709
E2007_RECESSION,2007-12-01,Saturday,2007-12-03,weekend; first session is next TSP business day,2009-06-01,recession,US,NBER recession / Great Recession (Dec 2007 - Jun 2009),"NBER business-cycle peak December 2007, trough June 2009.",NBER Business Cycle Dating,https://www.nber.org/research/business-cycle-dating
E2008_BEAR_STEARNS,2008-03-16,Sunday,2008-03-17,weekend; first session is next TSP business day,,financial_crisis,US,Bear Stearns rescue,"JPMorgan Chase agreed to acquire Bear Stearns with Federal Reserve support on Mar 16, 2008.",Federal Reserve History,https://www.federalreservehistory.org/essays/bear-stearns-collapse
E2008_LEHMAN,2008-09-15,Monday,2008-09-15,,,financial_crisis,US/Global,Lehman Brothers bankruptcy,"Lehman Brothers filed for bankruptcy on Sep 15, 2008, the peak of the Global Financial Crisis.",Federal Reserve History,https://www.federalreservehistory.org/essays/great-recession-of-200709
E2008_TARP,2008-10-03,Friday,2008-10-03,,,policy_response,US,Emergency Economic Stabilization Act (TARP) signed,"TARP enacted Oct 3, 2008 after the House initially rejected the bill on Sep 29, 2008.",U.S. Treasury,https://home.treasury.gov/data/troubled-assets-relief-program
E2010_EURO_DEBT,2010-05-02,Sunday,2010-05-03,weekend; first session is next TSP business day,2012-07-26,financial_crisis,Europe,Euro-area sovereign debt crisis (first Greek bailout),"First Greek financial-assistance package agreed May 2, 2010; acute phase eased after ECB 'whatever it takes' remarks Jul 26, 2012.",Wikipedia,https://en.wikipedia.org/wiki/Euro_area_crisis
E2010_FLASH_CRASH,2010-05-06,Thursday,2010-05-06,,,market_structure,US,Flash Crash,"U.S. equity indexes fell and rebounded within minutes on the afternoon of May 6, 2010.",Wikipedia (summarizes SEC/CFTC report),https://en.wikipedia.org/wiki/2010_flash_crash
E2011_TOHOKU,2011-03-11,Friday,2011-03-11,,,natural_disaster,Japan,Tohoku earthquake/tsunami and Fukushima nuclear accident,"Magnitude 9.0 earthquake and tsunami struck Japan on Mar 11, 2011 (relevant to I Fund exposure).",Wikipedia,https://en.wikipedia.org/wiki/2011_T%C5%8Dhoku_earthquake_and_tsunami
E2011_DEBT_CEILING,2011-08-05,Friday,2011-08-08,after U.S. close Fri,,fiscal_credit,US,S&P downgrades U.S. credit rating to AA+,"After the 2011 debt-limit standoff, S&P lowered the U.S. long-term rating to AA+ after markets closed Fri Aug 5, 2011; first trading reaction Mon Aug 8, 2011.",Wikipedia,https://en.wikipedia.org/wiki/United_States_federal_government_credit-rating_downgrades
E2013_TAPER_TANTRUM,2013-05-22,Wednesday,2013-05-22,,,rate_shock,US,Taper tantrum,"Chairman Bernanke's May 22, 2013 testimony raised the prospect of slowing asset purchases; Treasury yields rose sharply over the following months.",Federal Reserve Board testimony,https://www.federalreserve.gov/newsevents/testimony/bernanke20130522a.htm
E2014_CRIMEA,2014-02-27,Thursday,2014-02-27,,2014-03-18,war,Europe,Russia seizes and annexes Crimea,"Russian forces seized Crimea beginning late February 2014; annexation declared Mar 18, 2014.",Wikipedia,https://en.wikipedia.org/wiki/Annexation_of_Crimea_by_the_Russian_Federation
E2015_CHINA_DEVAL,2015-08-11,Tuesday,2015-08-11,,2015-08-24,financial_crisis,China/Global,Yuan devaluation and Aug 24 global selloff,"PBOC devalued the yuan on Aug 11, 2015; global equities sold off, with extreme U.S. opening volatility on Aug 24, 2015.",Wikipedia,https://en.wikipedia.org/wiki/2015%E2%80%932016_Chinese_stock_market_turbulence
E2015_PARIS,2015-11-13,Friday,2015-11-16,Fri evening after U.S. close,,terrorism,Europe,Paris terrorist attacks,"Coordinated terrorist attacks in Paris on the evening of Nov 13, 2015 (Friday).",Wikipedia,https://en.wikipedia.org/wiki/November_2015_Paris_attacks
E2015_FIRST_HIKE,2015-12-16,Wednesday,2015-12-16,,,rate_shock,US,First Fed rate increase since 2006,"FOMC raised the federal funds target range to 0.25-0.50% on Dec 16, 2015.",Federal Reserve Board press release,https://www.federalreserve.gov/newsevents/pressreleases/monetary20151216a.htm
E2016_BREXIT,2016-06-23,Thursday,2016-06-24,result known overnight,,geopolitical,Europe,UK votes to leave the EU (Brexit referendum),"Referendum held Jun 23, 2016; result known overnight, first full market reaction Jun 24, 2016.",Wikipedia,https://en.wikipedia.org/wiki/2016_United_Kingdom_European_Union_membership_referendum
E2018_VOLMAGEDDON,2018-02-05,Monday,2018-02-05,,,market_structure,US,February 2018 volatility spike,"VIX more than doubled on Feb 5, 2018 and several short-volatility products collapsed.","BIS Quarterly Review, March 2018",https://www.bis.org/publ/qtrpdf/r_qt1803a.htm
E2018_TRADE_WAR,2018-03-22,Thursday,2018-03-22,,2020-01-15,trade_policy,US/China,U.S.-China trade war escalates,"Section 301 tariff actions against China announced Mar 22, 2018; Phase One deal signed Jan 15, 2020.",Wikipedia,https://en.wikipedia.org/wiki/China%E2%80%93United_States_trade_war
E2020_SOLEIMANI,2020-01-03,Friday,2020-01-03,,2020-01-08,war,Middle East,U.S. strike kills Qasem Soleimani; Iran retaliates,"U.S. drone strike on Jan 3, 2020; Iranian missile strikes on U.S. bases Jan 8, 2020.",Wikipedia,https://en.wikipedia.org/wiki/Assassination_of_Qasem_Soleimani
E2020_RECESSION,2020-02-01,Saturday,2020-02-03,weekend; first session is next TSP business day,2020-04-01,recession,US,NBER recession (Feb - Apr 2020),"NBER business-cycle peak February 2020, trough April 2020.",NBER Business Cycle Dating,https://www.nber.org/research/business-cycle-dating
E2020_COVID_CRASH,2020-02-20,Thursday,2020-02-20,,2020-03-23,pandemic,Global,COVID-19 market crash,"U.S. equities fell sharply from the Feb 19, 2020 peak to the Mar 23, 2020 low; WHO characterized COVID-19 as a pandemic on Mar 11, 2020.",World Health Organization,https://www.who.int/director-general/speeches/detail/who-director-general-s-opening-remarks-at-the-media-briefing-on-covid-19---11-march-2020
E2020_FED_ZERO,2020-03-15,Sunday,2020-03-16,weekend; first session is next TSP business day,,policy_response,US,Fed cuts rates to zero and restarts QE,"Emergency FOMC action on Sunday Mar 15, 2020 lowered the target range to 0-0.25%.",Federal Reserve Board press release,https://www.federalreserve.gov/newsevents/pressreleases/monetary20200315a.htm
E2020_FED_UNLIMITED,2020-03-23,Monday,2020-03-23,,,policy_response,US,Fed announces open-ended asset purchases and credit facilities,"Federal Reserve announced extensive new measures on Mar 23, 2020, the date of the COVID-crash equity low.",Federal Reserve Board press release,https://www.federalreserve.gov/newsevents/pressreleases/monetary20200323b.htm
E2020_VACCINE,2020-11-09,Monday,2020-11-09,,,pandemic,Global,Pfizer/BioNTech vaccine efficacy announcement,"Interim Phase 3 results announced Nov 9, 2020 triggered a large rotation into small caps and value stocks.",Wikipedia,https://en.wikipedia.org/wiki/Pfizer%E2%80%93BioNTech_COVID-19_vaccine
E2022_UKRAINE,2022-02-24,Thursday,2022-02-24,,,war,Europe,Russia launches full-scale invasion of Ukraine,"Russia began a full-scale invasion of Ukraine on Feb 24, 2022, followed by commodity-price spikes and sanctions.",Wikipedia,https://en.wikipedia.org/wiki/Russian_invasion_of_Ukraine
E2022_HIKING_CYCLE,2022-03-16,Wednesday,2022-03-16,,2023-07-26,rate_shock,US,Fed begins 2022-23 hiking cycle,"FOMC raised rates on Mar 16, 2022, the first of eleven increases through Jul 26, 2023; 2022 saw simultaneous stock and bond declines (F Fund drawdown).",Federal Reserve Board press release,https://www.federalreserve.gov/newsevents/pressreleases/monetary20220316a.htm
E2022_75BP,2022-06-15,Wednesday,2022-06-15,,,rate_shock,US,Fed raises rates 75 bp,"First 75-basis-point FOMC increase since 1994, Jun 15, 2022, after a hot May CPI report.",Federal Reserve Board press release,https://www.federalreserve.gov/newsevents/pressreleases/monetary20220615a.htm
E2023_DEBT_LIMIT,2023-01-19,Thursday,2023-01-19,,2023-06-03,fiscal_credit,US,2023 debt-limit standoff (G Fund extraordinary measures),"Treasury began extraordinary measures (including suspending G Fund investment) on Jan 19, 2023; Fiscal Responsibility Act signed Jun 3, 2023. G Fund investors are made whole by law.",Wikipedia,https://en.wikipedia.org/wiki/2023_United_States_debt-ceiling_crisis
E2023_SVB,2023-03-10,Friday,2023-03-10,,2023-05-01,financial_crisis,US,Silicon Valley Bank failure and regional bank stress,"SVB was closed Mar 10, 2023; regulators announced systemic-risk measures Mar 12; First Republic failed May 1, 2023.",Federal Reserve Board press release,https://www.federalreserve.gov/newsevents/pressreleases/monetary20230312b.htm
E2023_FITCH,2023-08-01,Tuesday,2023-08-01,,,fiscal_credit,US,Fitch downgrades U.S. to AA+,"Fitch lowered the U.S. long-term rating to AA+ on Aug 1, 2023.",Fitch Ratings,https://www.fitchratings.com/research/sovereigns/fitch-downgrades-united-states-long-term-ratings-to-aa-affirms-f1-outlook-stable-01-08-2023
E2023_OCT7,2023-10-07,Saturday,2023-10-10,weekend; Mon 2023-10-09 (Columbus Day) was not a TSP business day,,war,Middle East,Hamas attack on Israel and Gaza war,"Hamas-led attack on Israel on Saturday Oct 7, 2023, followed by war in Gaza.",Wikipedia,https://en.wikipedia.org/wiki/October_7_attacks
E2024_YEN_CARRY,2024-08-05,Monday,2024-08-05,,,market_structure,Global,Yen carry-trade unwind global selloff,"Japanese equities fell sharply and VIX spiked intraday on Aug 5, 2024 amid a yen carry-trade unwind.",BIS Bulletin No. 90,https://www.bis.org/publ/bisbull90.htm
E2024_FIRST_CUT,2024-09-18,Wednesday,2024-09-18,,,rate_shock,US,Fed begins easing cycle with 50 bp cut,"FOMC lowered the target range by 50 bp on Sep 18, 2024.",Federal Reserve Board press release,https://www.federalreserve.gov/newsevents/pressreleases/monetary20240918a.htm
E2024_I_FUND_INDEX,2024-10-30,Wednesday,2024-10-30,,,tsp_structural,TSP,I Fund benchmark change complete,"I Fund finished transitioning from MSCI EAFE to MSCI ACWI IMI ex USA ex China ex Hong Kong (announced complete Oct 30, 2024).",TSP.gov plan news,https://www.tsp.gov/news/plan-news/2024-10-30-I-Fund-benchmark-index-change-complete/
E2025_TARIFFS,2025-04-02,Wednesday,2025-04-03,after U.S. close,2025-04-09,trade_policy,US/Global,Reciprocal-tariff announcement and selloff,"Broad 'reciprocal' tariffs announced after the close Apr 2, 2025; steep declines Apr 3-8; 90-day pause announced Apr 9, 2025.",Wikipedia,https://en.wikipedia.org/wiki/2025_stock_market_crash
E2025_MOODYS,2025-05-16,Friday,2025-05-19,after U.S. close Fri,,fiscal_credit,US,Moody's downgrades U.S. to Aa1,"Moody's lowered the U.S. rating to Aa1 after the close on Fri May 16, 2025, leaving no AAA rating from the three major agencies.",Wikipedia,https://en.wikipedia.org/wiki/United_States_federal_government_credit-rating_downgrades
E2025_IRAN_STRIKES,2025-06-13,Friday,2025-06-13,,2025-06-24,war,Middle East,Israel-Iran war and U.S. strikes on Iranian nuclear sites,"Israel struck Iran on Jun 13, 2025; U.S. struck Fordow and other sites Jun 21-22, 2025 (Sat evening ET); ceasefire Jun 24, 2025.",Wikipedia,https://en.wikipedia.org/wiki/2025_United_States_strikes_on_Iranian_nuclear_sites
E2025_SHUTDOWN,2025-10-01,Wednesday,2025-10-01,,2025-11-12,fiscal_credit,US,Federal government shutdown (BLS data gap),"Lapse in appropriations from Oct 1, 2025; October 2025 CPI and unemployment observations were not published (missing in BLS/FRED series).",Wikipedia,https://en.wikipedia.org/wiki/2025_United_States_federal_government_shutdown
E2026_IRAN_WAR,2026-02-28,Saturday,2026-03-02,weekend; first session is next TSP business day,2026-05-05,war,Middle East,U.S.-Israeli strikes on Iran begin (2026 Iran war),"Joint U.S.-Israeli strikes on Iran (Operation Epic Fury) began Saturday Feb 28, 2026; Strait of Hormuz traffic was severely disrupted and oil prices surged. Britannica dates Operation Epic Fury Feb 28 - May 5, 2026.",Britannica,https://www.britannica.com/event/2026-Iran-war
E2026_CEASEFIRE,2026-04-07,Tuesday,2026-04-07,announced late Apr 7 ET / Apr 8 local; first reaction may be 2026-04-08,2026-04-08,war,Middle East,U.S.-Iran two-week ceasefire announced,"Ceasefire announced Apr 7-8, 2026 (Pakistan-brokered); Strait of Hormuz access remained contested.",Britannica,https://www.britannica.com/event/2026-Iran-war
E2026_TRUCE_OVER,2026-07-07,Tuesday,2026-07-07,,2026-08-31,war,Middle East,U.S. declares Iran truce over; renewed strikes,"After attacks on three commercial ships Jul 6-7, 2026, the U.S. President said the truce was over; renewed exchanges followed for about three weeks.",Britannica,https://www.britannica.com/event/2026-Iran-war
