path,rows,cols,first_key,last_key,sha256_16
events.csv,56,12,E1987_BLACK_MONDAY,E2026_TRUCE_OVER,c0ac0f78ee020248
macro/ff3_factors_daily.csv,26317,6,1926-07-01,2026-08-31,4e7dbecbb3cf09b4
macro/ff3_factors_monthly.csv,1202,6,1926-07,2026-08,4b6b76121443fb40
macro/fred_BAA10Y.csv,10632,2,1986-01-02,2026-10-02,08058c39835a95b0
macro/fred_CPIAUCSL.csv,956,2,1947-01-01,2026-08-01,f8ecddf53a9a9a74
macro/fred_CPILFESL.csv,836,2,1957-01-01,2026-08-01,cec76bf4c38dc062
macro/fred_DCOILWTICO.csv,10629,2,1986-01-02,2026-09-29,38483f4e69b2ea00
macro/fred_DFF.csv,26392,2,1954-07-01,2026-10-02,84581be8b60ad449
macro/fred_DGS10.csv,16894,2,1962-01-02,2026-10-02,221a99ab47fe54d2
macro/fred_DGS2.csv,13134,2,1976-06-01,2026-10-02,c485d0921ec4bdf6
macro/fred_DGS3MO.csv,11764,2,1981-09-01,2026-10-02,687c915235398e54
macro/fred_DTB3.csv,18980,2,1954-01-04,2026-10-02,0ac82d37ae8166fd
macro/fred_DTWEXBGS.csv,5415,2,2006-01-02,2026-10-02,75edd28ba1eceade
macro/fred_FEDFUNDS.csv,867,2,1954-07-01,2026-09-01,74680b2d09bb28f9
macro/fred_ICSA.csv,3117,2,1967-01-07,2026-09-26,0910abb3f9bab87d
macro/fred_INDPRO.csv,1292,2,1919-01-01,2026-08-01,1a916926060d09b9
macro/fred_NFCI.csv,2908,2,1971-01-08,2026-09-25,dced46c27eae5349
macro/fred_PAYEMS.csv,1053,2,1939-01-01,2026-09-01,c8c429818ed73de6
macro/fred_STLFSI4.csv,1709,2,1993-12-31,2026-09-25,c9cb371503bef44a
macro/fred_T10Y2Y.csv,13135,2,1976-06-01,2026-10-05,e4b4e91564423251
macro/fred_T10Y3M.csv,11676,2,1982-01-04,2026-10-05,76e459cd14198c91
macro/fred_T10YIE.csv,6198,2,2003-01-02,2026-10-05,5b35e6e70f9bcdae
macro/fred_UNRATE.csv,945,2,1948-01-01,2026-09-01,621ff6fadf50910c
macro/fred_USEPUINDXD.csv,15252,2,1985-01-01,2026-10-04,8bf08f52797336a1
macro/fred_USREC.csv,2062,2,1854-12-01,2026-09-01,a42a3581fe9c260d
macro/fred_USRECD.csv,62765,2,1854-12-01,2026-10-04,13518b583f6f0123
macro/fred_VIXCLS.csv,9589,2,1990-01-02,2026-10-02,b5eb252f70eeb9cd
macro/gpr_daily_caldara_iacoviello.csv,15253,7,1985-01-01,2026-10-05,456ed0363db9ec14
macro/gpr_monthly_caldara_iacoviello.csv,1521,7,1900-01,2026-09,a72cf16571e4ad1d
macro/nber_business_cycle_dates.csv,35,2,1857-06-01,2020-02-01,9745409e0f388420
macro/nyfed_yield_curve_recession_probability.csv,824,7,1959-01-31,2027-08-31,ff342cec6c4ec814
macro/primary/bls_cpi_unemployment_monthly.csv,597,3,1977-01,2026-09,8b32ce0e2f04c466
macro/primary/fed_h15_treasury_cmt_and_effr_daily.csv,18852,7,1954-07-01,2026-10-02,574ad012f684ea0d
macro/primary/vix_history_cboe.csv,9287,5,01/02/1990,10/05/2026,bffd81e6e30fe543
macro/shiller_ie_data_monthly.csv,1869,9,1871-01,2026-09,c7d0b95972da0b67
tsp_annual_returns_pct.csv,40,23,1987,2026,a78cf44cb07c6133
tsp_daily_share_prices.csv,5830,17,2003-05-31,2026-10-05,33bbd1098505f2f6
tsp_monthly_returns_pct.csv,474,21,1987-04,2026-09,d2ee429b84696e58
tsp_retired_lfunds_monthly_returns_pct.csv,238,4,2005-08,2025-05,9daee78024e9807a
