month,L 2010,L 2020,L 2025
2005-08,0.16,0.15,
2005-09,0.94,1.06,
2005-10,-0.93,-1.34,
2005-11,1.89,2.42,
2005-12,0.93,1.11,
2006-01,2.22,2.92,
2006-02,0.15,0.07,
2006-03,1.19,1.56,
2006-04,1.18,1.47,
2006-05,-1.31,-2.06,
2006-06,0.37,0.28,
2006-07,0.37,0.35,
2006-08,1.39,1.81,
2006-09,1.01,1.17,
2006-10,1.79,2.51,
2006-11,1.34,1.78,
2006-12,0.9,1.17,
2007-01,0.89,1.22,
2007-02,-0.14,-0.38,
2007-03,0.89,1.08,
2007-04,1.76,2.58,
2007-05,1.53,2.15,
2007-06,-0.2,-0.54,
2007-07,-0.92,-1.75,
2007-08,0.73,0.8,
2007-09,1.78,2.68,
2007-10,1.29,1.84,
2007-11,-1.21,-2.33,
2007-12,-0.13,-0.54,
2008-01,-2.07,-3.9,
2008-02,-0.59,-1.25,
2008-03,0.07,-0.06,
2008-04,1.93,3.23,
2008-05,0.78,1.23,
2008-06,-2.65,-4.97,
2008-07,-0.23,-0.82,
2008-08,0.29,0.16,
2008-09,-3,-6.01,
2008-10,-5.41,-11.1,
2008-11,-1.58,-3.91,
2008-12,1.66,2.82,
2009-01,-2.61,-5.58,
2009-02,-2.95,-6.22,
2009-03,2.82,5.35,
2009-04,3.2,6.79,
2009-05,2.28,4.66,
2009-06,0.24,0.14,
2009-07,2.44,5.16,
2009-08,1.3,2.57,
2009-09,1.32,2.63,
2009-10,-0.38,-1.39,
2009-11,1.47,3,
2009-12,0.7,1.5,
2010-01,-0.58,-2.03,
2010-02,0.81,1.61,
2010-03,1.61,3.75,
2010-04,0.51,0.76,
2010-05,-1.64,-4.98,
2010-06,-0.68,-2.34,
2010-07,1.81,4.82,
2010-08,-0.62,-2.29,
2010-09,2,5.54,
2010-10,0.92,2.29,
2010-11,-0.05,-0.49,
2010-12,1.49,4.08,
2011-01,,1.35,
2011-02,,2.15,
2011-03,,-0.03,
2011-04,,2.37,
2011-05,,-0.74,
2011-06,,-0.84,
2011-07,,-0.94,
2011-08,,-3.69,
2011-09,,-4.73,
2011-10,,6.18,
2011-11,,-0.34,
2011-12,,0.11,
2012-01,,3.03,
2012-02,,2.53,
2012-03,,1.23,
2012-04,,-0.38,
2012-05,,-4.2,
2012-06,,2.72,
2012-07,,0.63,
2012-08,,1.57,
2012-09,,1.52,
2012-10,,-0.45,
2012-11,,0.77,
2012-12,,1.19,
2013-01,,2.83,
2013-02,,0.41,
2013-03,,1.69,
2013-04,,1.58,
2013-05,,0.33,
2013-06,,-0.94,
2013-07,,2.95,
2013-08,,-1.22,
2013-09,,2.71,
2013-10,,2.23,
2013-11,,1.24,
2013-12,,1.25,
2014-01,,-1.57,
2014-02,,2.73,
2014-03,,0.17,
2014-04,,0.39,
2014-05,,1.2,
2014-06,,1.19,
2014-07,,-0.97,
2014-08,,1.64,
2014-09,,-1.36,
2014-10,,1.09,
2014-11,,1.04,
2014-12,,-0.5,
2015-01,,-0.58,
2015-02,,2.95,
2015-03,,-0.44,
2015-04,,0.81,
2015-05,,0.5,
2015-06,,-0.97,
2015-07,,1.03,
2015-08,,-3.06,
2015-09,,-1.67,
2015-10,,3.72,
2015-11,,0.17,
2015-12,,-0.92,
2016-01,,-2.55,
2016-02,,-0.24,
2016-03,,3.35,
2016-04,,0.58,
2016-05,,0.69,
2016-06,,-0.12,
2016-07,,2.01,
2016-08,,0.16,
2016-09,,0.3,
2016-10,,-0.91,
2016-11,,1.05,
2016-12,,1.13,
2017-01,,1.04,
2017-02,,1.36,
2017-03,,0.48,
2017-04,,0.76,
2017-05,,0.86,
2017-06,,0.35,
2017-07,,0.96,
2017-08,,0.21,
2017-09,,1.02,
2017-10,,0.83,
2017-11,,0.99,
2017-12,,0.57,
2018-01,,1.84,
2018-02,,-1.34,
2018-03,,-0.33,
2018-04,,0.36,
2018-05,,0.66,
2018-06,,0.17,
2018-07,,1.12,
2018-08,,0.8,
2018-09,,0.22,
2018-10,,-2.24,
2018-11,,0.65,
2018-12,,-2.18,
2019-01,,2.53,
2019-02,,1.06,
2019-03,,0.61,
2019-04,,1.16,
2019-05,,-1.42,
2019-06,,2.04,
2019-07,,0.21,
2019-08,,-0.24,
2019-09,,0.63,
2019-10,,0.79,
2019-11,,0.83,
2019-12,,0.86,
2020-01,,-0.02,
2020-02,,-1.76,
2020-03,,-3.52,
2020-04,,2.61,
2020-05,,1.31,
2020-06,,0.77,
2020-07,,,2.19
2020-08,,,3.17
2020-09,,,-1.58
2020-10,,,-1.3
2020-11,,,6.56
2020-12,,,2.27
2021-01,,,-0.24
2021-02,,,1.35
2021-03,,,1.44
2021-04,,,2.15
2021-05,,,0.81
2021-06,,,0.64
2021-07,,,0.75
2021-08,,,1.16
2021-09,,,-1.78
2021-10,,,2.33
2021-11,,,-1.09
2021-12,,,1.9
2022-01,,,-2.37
2022-02,,,-1.01
2022-03,,,0.85
2022-04,,,-3.59
2022-05,,,-0.15
2022-06,,,-2.98
2022-07,,,3.5
2022-08,,,-1.83
2022-09,,,-3.98
2022-10,,,3.07
2022-11,,,3.62
2022-12,,,-1.65
2023-01,,,3.28
2023-02,,,-0.94
2023-03,,,1.38
2023-04,,,0.79
2023-05,,,-0.3
2023-06,,,2.42
2023-07,,,1.44
2023-08,,,-0.81
2023-09,,,-1.53
2023-10,,,-0.9
2023-11,,,3.67
2023-12,,,2.39
2024-01,,,0.37
2024-02,,,1.63
2024-03,,,1.39
2024-04,,,-1.27
2024-05,,,1.89
2024-06,,,0.71
2024-07,,,1.16
2024-08,,,1.1
2024-09,,,0.8
2024-10,,,-0.61
2024-11,,,1.68
2024-12,,,-0.81
2025-01,,,1.28
2025-02,,,0.04
2025-03,,,-0.93
2025-04,,,0.68
2025-05,,,1.87
