year,period_end_yyyymm,is_partial_year,L Income,L 2030,L 2035,L 2040,L 2045,L 2050,L 2055,L 2060,L 2065,L 2070,L 2075,G Fund,F Fund,U.S. Aggregate Index,C Fund,S&P 500,S Fund,DJ TSM,I Fund,EAFE
1987,198712,False,,,,,,,,,,,,,,,,,,,,
1988,198812,False,,,,,,,,,,,,8.81,3.63,7.88,11.84,16.61,,,,
1989,198912,False,,,,,,,,,,,,8.81,13.89,14.53,31.03,31.69,,,,
1990,199012,False,,,,,,,,,,,,8.9,8,8.95,-3.15,-3.1,,,,
1991,199112,False,,,,,,,,,,,,8.15,15.75,16,30.77,30.47,,,,
1992,199212,False,,,,,,,,,,,,7.23,7.2,7.4,7.7,7.62,,,,
1993,199312,False,,,,,,,,,,,,6.14,9.52,9.75,10.13,10.08,,,,
1994,199412,False,,,,,,,,,,,,7.22,-2.96,-2.92,1.33,1.32,,,,
1995,199512,False,,,,,,,,,,,,7.03,18.31,18.48,37.41,37.58,,,,
1996,199612,False,,,,,,,,,,,,6.76,3.66,3.61,22.85,22.96,,,,
1997,199712,False,,,,,,,,,,,,6.77,9.6,9.68,33.17,33.36,,,,
1998,199812,False,,,,,,,,,,,,5.74,8.7,8.67,28.44,28.58,,,,
1999,199912,False,,,,,,,,,,,,5.99,-0.85,-0.83,20.95,21.04,,,,
2000,200012,False,,,,,,,,,,,,6.42,11.67,11.63,-9.14,-9.1,,,,
2001,200112,False,,,,,,,,,,,,5.39,8.61,8.42,-11.94,-11.89,,,,
2002,200212,False,,,,,,,,,,,,5,10.27,10.27,-22.05,-22.1,-18.14,-17.8,-15.98,-15.94
2003,200312,False,,,,,,,,,,,,4.11,4.11,4.11,28.54,28.69,42.92,43.84,37.94,38.59
2004,200412,False,,,,,,,,,,,,4.3,4.3,4.34,10.82,10.88,18.03,18.1,20,20.25
2005,200512,False,,,,,,,,,,,,4.49,2.4,2.43,4.96,4.91,10.45,10.03,13.63,13.54
2006,200612,False,7.59,15,,16.53,,,,,,,,4.93,4.4,4.33,15.79,15.79,15.3,15.28,26.32,26.34
2007,200712,False,5.56,7.14,,7.36,,,,,,,,4.87,7.09,6.96,5.54,5.49,5.49,5.39,11.43,11.17
2008,200812,False,-5.09,-27.5,,-31.53,,,,,,,,3.75,5.45,5.24,-36.99,-37,-38.32,-39.03,-42.43,-43.38
2009,200912,False,8.57,22.48,,25.19,,,,,,,,2.97,5.99,5.93,26.68,26.46,34.85,37.43,30.04,31.78
2010,201012,False,5.74,12.48,,13.89,,,,,,,,2.81,6.71,6.54,15.06,15.06,29.06,28.62,7.94,7.75
2011,201112,False,2.23,-0.31,,-0.96,,,,,,,,2.45,7.89,7.84,2.11,2.11,-3.38,-3.76,-11.81,-12.14
2012,201212,False,4.77,12.61,,14.27,,15.85,,,,,,1.47,4.29,4.22,16.07,16,18.57,17.89,18.62,17.32
2013,201312,False,6.97,20.16,,23.23,,26.2,,,,,,1.89,-1.68,-2.02,32.45,32.39,38.35,38.05,22.13,22.78
2014,201412,False,3.77,5.74,,6.22,,6.37,,,,,,2.31,6.73,5.97,13.78,13.69,7.8,7.63,-5.27,-4.9
2015,201512,False,1.85,1.04,,0.73,,0.45,,,,,,2.04,0.91,0.55,1.46,1.38,-2.92,-3.42,-0.51,-0.81
2016,201612,False,3.58,7.07,,7.9,,8.65,,,,,,1.82,2.91,2.65,12.01,11.96,16.35,15.75,2.1,1
2017,201712,False,6.19,14.54,,16.77,,18.81,,,,,,2.33,3.82,3.54,21.82,21.83,18.22,18.12,25.42,25.03
2018,201812,False,0.71,-3.58,,-4.89,,-6.02,,,,,,2.91,0.15,0.01,-4.41,-4.38,-9.26,-9.57,-13.43,-13.79
2019,201912,False,7.6,17.6,,20.69,,23.33,,,,,,2.24,8.68,8.72,31.45,31.49,27.97,27.94,22.47,22.01
2020,202012,False,5.15,11.26,,13.16,,14.79,,,,,,0.97,7.5,7.51,18.31,18.4,31.85,32.17,8.17,7.82
2021,202112,False,5.42,12.37,13.43,14.51,15.4,16.34,19.9,19.9,19.9,,,1.38,-1.46,-1.54,28.68,28.71,12.45,12.35,11.45,11.26
2022,202212,False,-2.7,-10.32,-11.65,-12.9,-14.03,-15.05,-17.6,-17.61,-17.62,,,2.98,-12.83,-13.01,-18.13,-18.11,-26.26,-26.54,-13.94,-14.45
2023,202312,False,8.99,15.76,16.91,18.04,19.03,20,23.31,23.3,23.31,,,4.22,5.58,5.53,26.25,26.29,25.3,24.97,18.38,18.24
2024,202412,False,7.37,11.52,12.18,12.85,13.42,14.02,16.28,16.28,16.28,,,4.4,1.33,1.25,24.96,25.02,16.93,16.88,4.27,4.2
2025,202512,False,9.36,15.17,16.27,17.31,18.20,19.07,21.87,21.88,21.88,21.89,,4.44,7.21,7.30,17.85,17.88,11.38,11.32,32.45,32.01
2026,202609,True,6.04,8.92,10.02,10.59,11.09,11.62,13.86,13.86,13.85,13.85,13.85,3.41,-2.75,-2.91,12.73,12.75,11.62,11.44,16.45,16.16
