month,L Income,L 2030,L 2035,L 2040,L 2045,L 2050,L 2055,L 2060,L 2065,L 2070,L 2075,G Fund,F Fund,U.S. Aggregate Index,C Fund,S&P 500,S Fund,DJ TSM,I Fund,EAFE
1987-04,,,,,,,,,,,,0.6,,,,,,,,
1987-05,,,,,,,,,,,,0.63,,,,,,,,
1987-06,,,,,,,,,,,,0.75,,,,,,,,
1987-07,,,,,,,,,,,,0.71,,,,,,,,
1987-08,,,,,,,,,,,,0.73,,,,,,,,
1987-09,,,,,,,,,,,,0.65,,,,,,,,
1987-10,,,,,,,,,,,,0.8,,,,,,,,
1987-11,,,,,,,,,,,,0.69,,,,,,,,
1987-12,,,,,,,,,,,,0.69,,,,,,,,
1988-01,,,,,,,,,,,,0.69,-0.06,3.52,-0.2,4.21,,,,
1988-02,,,,,,,,,,,,0.62,0.81,1.19,4.82,4.66,,,,
1988-03,,,,,,,,,,,,0.66,-0.8,-0.94,-3.47,-3.09,,,,
1988-04,,,,,,,,,,,,0.68,-0.46,-0.54,0.73,1.11,,,,
1988-05,,,,,,,,,,,,0.71,-0.63,-0.67,1.42,0.86,,,,
1988-06,,,,,,,,,,,,0.72,1.97,2.41,4.08,4.59,,,,
1988-07,,,,,,,,,,,,0.72,-0.49,-0.53,-0.24,-0.38,,,,
1988-08,,,,,,,,,,,,0.76,0.33,0.26,-2.74,-3.39,,,,
1988-09,,,,,,,,,,,,0.76,2.07,2.27,4.12,4.26,,,,
1988-10,,,,,,,,,,,,0.75,1.68,1.88,2.53,2.78,,,,
1988-11,,,,,,,,,,,,0.68,-1.09,-1.22,-1.23,-1.43,,,,
1988-12,,,,,,,,,,,,0.74,0.31,0.11,1.78,1.74,,,,
1989-01,,,,,,,,,,,,0.76,1.27,1.44,7.14,7.32,,,,
1989-02,,,,,,,,,,,,0.67,-0.68,-0.72,-2.51,-2.49,,,,
1989-03,,,,,,,,,,,,0.78,0.5,0.43,2.21,2.33,,,,
1989-04,,,,,,,,,,,,0.75,2.05,2.09,5.14,5.19,,,,
1989-05,,,,,,,,,,,,0.76,2.42,2.63,3.98,4.05,,,,
1989-06,,,,,,,,,,,,0.7,3.19,3.04,-0.58,-0.57,,,,
1989-07,,,,,,,,,,,,0.69,2.06,2.13,8.83,9.03,,,,
1989-08,,,,,,,,,,,,0.66,-1.48,-1.48,1.98,1.95,,,,
1989-09,,,,,,,,,,,,0.68,0.37,0.51,-0.29,-0.41,,,,
1989-10,,,,,,,,,,,,0.71,2.45,2.46,-2.33,-2.32,,,,
1989-11,,,,,,,,,,,,0.65,0.86,0.95,2.05,2.04,,,,
1989-12,,,,,,,,,,,,0.67,0.16,0.27,2.37,2.4,,,,
1990-01,,,,,,,,,,,,0.68,-1.38,-1.19,-6.59,-6.71,,,,
1990-02,,,,,,,,,,,,0.64,0.21,0.32,1.26,1.29,,,,
1990-03,,,,,,,,,,,,0.72,0.01,0.07,2.64,2.65,,,,
1990-04,,,,,,,,,,,,0.71,-0.94,-0.92,-2.52,-2.49,,,,
1990-05,,,,,,,,,,,,0.76,2.8,2.96,9.44,9.75,,,,
1990-06,,,,,,,,,,,,0.71,1.56,1.61,-0.71,-0.67,,,,
1990-07,,,,,,,,,,,,0.72,1.24,1.38,-0.36,-0.32,,,,
1990-08,,,,,,,,,,,,0.72,-1.42,-1.34,-8.65,-9.04,,,,
1990-09,,,,,,,,,,,,0.73,0.81,0.83,-4.85,-4.87,,,,
1990-10,,,,,,,,,,,,0.76,1.32,1.27,-0.46,-0.43,,,,
1990-11,,,,,,,,,,,,0.7,2.15,2.15,6.36,6.46,,,,
1990-12,,,,,,,,,,,,0.7,1.46,1.56,2.72,2.79,,,,
1991-01,,,,,,,,,,,,0.69,1.15,1.24,4.55,4.36,,,,
1991-02,,,,,,,,,,,,0.62,0.86,0.85,7.07,7.15,,,,
1991-03,,,,,,,,,,,,0.68,0.67,0.69,2.4,2.42,,,,
1991-04,,,,,,,,,,,,0.66,1.05,1.08,0.18,0.24,,,,
1991-05,,,,,,,,,,,,0.68,0.57,0.58,4.3,4.31,,,,
1991-06,,,,,,,,,,,,0.66,-0.01,-0.05,-4.49,-4.58,,,,
1991-07,,,,,,,,,,,,0.69,1.4,1.39,4.63,4.66,,,,
1991-08,,,,,,,,,,,,0.69,2.12,2.16,2.37,2.37,,,,
1991-09,,,,,,,,,,,,0.64,1.99,2.03,-1.63,-1.67,,,,
1991-10,,,,,,,,,,,,0.62,1.09,1.11,1.39,1.34,,,,
1991-11,,,,,,,,,,,,0.61,0.89,0.92,-3.96,-4.03,,,,
1991-12,,,,,,,,,,,,0.62,2.96,2.97,11.41,11.44,,,,
1992-01,,,,,,,,,,,,0.57,-1.35,-1.36,-1.89,-1.86,,,,
1992-02,,,,,,,,,,,,0.56,0.66,0.65,1.29,1.3,,,,
1992-03,,,,,,,,,,,,0.62,-0.53,-0.56,-1.91,-1.94,,,,
1992-04,,,,,,,,,,,,0.62,0.67,0.72,2.91,2.94,,,,
1992-05,,,,,,,,,,,,0.64,1.84,1.89,0.49,0.49,,,,
1992-06,,,,,,,,,,,,0.6,1.36,1.38,-1.45,-1.49,,,,
1992-07,,,,,,,,,,,,0.6,2,2.04,4.11,4.09,,,,
1992-08,,,,,,,,,,,,0.57,1,1.01,-2.02,-2.05,,,,
1992-09,,,,,,,,,,,,0.54,1.15,1.19,1.15,1.18,,,,
1992-10,,,,,,,,,,,,0.55,-1.3,-1.33,0.42,0.35,,,,
1992-11,,,,,,,,,,,,0.56,0.01,0.02,3.39,3.41,,,,
1992-12,,,,,,,,,,,,0.58,1.54,1.59,1.21,1.23,,,,
1993-01,,,,,,,,,,,,0.58,1.88,1.92,0.86,0.84,,,,
1993-02,,,,,,,,,,,,0.49,1.73,1.75,1.35,1.36,,,,
1993-03,,,,,,,,,,,,0.52,0.41,0.42,2.09,2.11,,,,
1993-04,,,,,,,,,,,,0.51,0.67,0.7,-2.39,-2.42,,,,
1993-05,,,,,,,,,,,,0.51,0.1,0.13,2.66,2.68,,,,
1993-06,,,,,,,,,,,,0.51,1.79,1.81,0.32,0.29,,,,
1993-07,,,,,,,,,,,,0.49,0.55,0.57,-0.38,-0.4,,,,
1993-08,,,,,,,,,,,,0.49,1.72,1.75,3.78,3.79,,,,
1993-09,,,,,,,,,,,,0.45,0.26,0.27,-0.76,-0.77,,,,
1993-10,,,,,,,,,,,,0.47,0.38,0.37,2.04,2.07,,,,
1993-11,,,,,,,,,,,,0.45,-0.84,-0.85,-0.93,-0.95,,,,
1993-12,,,,,,,,,,,,0.49,0.52,0.54,1.2,1.21,,,,
1994-01,,,,,,,,,,,,0.51,1.33,1.35,3.4,3.4,,,,
1994-02,,,,,,,,,,,,0.43,-1.72,-1.74,-2.7,-2.71,,,,
1994-03,,,,,,,,,,,,0.52,-2.45,-2.47,-4.39,-4.36,,,,
1994-04,,,,,,,,,,,,0.56,-0.81,-0.8,1.28,1.28,,,,
1994-05,,,,,,,,,,,,0.6,-0.02,-0.01,1.66,1.64,,,,
1994-06,,,,,,,,,,,,0.59,-0.24,-0.22,-2.47,-2.45,,,,
1994-07,,,,,,,,,,,,0.62,1.97,1.99,3.27,3.28,,,,
1994-08,,,,,,,,,,,,0.6,0.13,0.12,4.11,4.1,,,,
1994-09,,,,,,,,,,,,0.59,-1.47,-1.47,-2.44,-2.45,,,,
1994-10,,,,,,,,,,,,0.65,-0.1,-0.09,2.24,2.25,,,,
1994-11,,,,,,,,,,,,0.64,-0.23,-0.22,-3.62,-3.64,,,,
1994-12,,,,,,,,,,,,0.68,0.69,0.69,1.49,1.48,,,,
1995-01,,,,,,,,,,,,0.67,1.98,1.98,2.58,2.59,,,,
1995-02,,,,,,,,,,,,0.59,2.38,2.38,3.87,3.9,,,,
1995-03,,,,,,,,,,,,0.62,0.6,0.61,2.94,2.95,,,,
1995-04,,,,,,,,,,,,0.6,1.38,1.4,2.94,2.95,,,,
1995-05,,,,,,,,,,,,0.61,3.84,3.87,3.98,4,,,,
1995-06,,,,,,,,,,,,0.53,0.71,0.73,2.31,2.32,,,,
1995-07,,,,,,,,,,,,0.55,-0.23,-0.22,3.3,3.32,,,,
1995-08,,,,,,,,,,,,0.56,1.21,1.21,0.26,0.25,,,,
1995-09,,,,,,,,,,,,0.53,0.95,0.97,4.19,4.22,,,,
1995-10,,,,,,,,,,,,0.54,1.28,1.3,-0.36,-0.36,,,,
1995-11,,,,,,,,,,,,0.51,1.49,1.5,4.38,4.39,,,,
1995-12,,,,,,,,,,,,0.5,1.39,1.4,1.92,1.93,,,,
1996-01,,,,,,,,,,,,0.49,0.66,0.66,3.41,3.4,,,,
1996-02,,,,,,,,,,,,0.46,-1.75,-1.74,0.91,0.93,,,,
1996-03,,,,,,,,,,,,0.54,-0.68,-0.7,0.97,0.96,,,,
1996-04,,,,,,,,,,,,0.54,-0.56,-0.56,1.47,1.47,,,,
1996-05,,,,,,,,,,,,0.58,-0.11,-0.2,2.56,2.58,,,,
1996-06,,,,,,,,,,,,0.57,1.34,1.34,0.38,0.38,,,,
1996-07,,,,,,,,,,,,0.58,0.27,0.27,-4.39,-4.42,,,,
1996-08,,,,,,,,,,,,0.58,-0.18,-0.17,2.07,2.11,,,,
1996-09,,,,,,,,,,,,0.58,1.72,1.74,5.6,5.63,,,,
1996-10,,,,,,,,,,,,0.58,2.21,2.22,2.74,2.76,,,,
1996-11,,,,,,,,,,,,0.53,1.69,1.71,7.54,7.56,,,,
1996-12,,,,,,,,,,,,0.53,-0.93,-0.93,-1.97,-1.98,,,,
1997-01,,,,,,,,,,,,0.56,0.3,0.31,6.22,6.25,,,,
1997-02,,,,,,,,,,,,0.51,0.24,0.25,0.79,0.78,,,,
1997-03,,,,,,,,,,,,0.57,-1.11,-1.11,-4.13,-4.11,,,,
1997-04,,,,,,,,,,,,0.58,1.49,1.5,6,5.97,,,,
1997-05,,,,,,,,,,,,0.58,0.94,0.95,6.07,6.09,,,,
1997-06,,,,,,,,,,,,0.56,1.18,1.19,4.45,4.48,,,,
1997-07,,,,,,,,,,,,0.57,2.69,2.7,7.94,7.96,,,,
1997-08,,,,,,,,,,,,0.53,-0.86,-0.85,-5.59,-5.6,,,,
1997-09,,,,,,,,,,,,0.54,1.48,1.48,5.46,5.48,,,,
1997-10,,,,,,,,,,,,0.54,1.45,1.45,-3.38,-3.34,,,,
1997-11,,,,,,,,,,,,0.5,0.46,0.46,4.61,4.63,,,,
1997-12,,,,,,,,,,,,0.52,1.01,1.01,1.71,1.72,,,,
1998-01,,,,,,,,,,,,0.51,1.28,1.28,1.12,1.11,,,,
1998-02,,,,,,,,,,,,0.44,-0.07,-0.08,7.2,7.21,,,,
1998-03,,,,,,,,,,,,0.5,0.34,0.34,5.11,5.12,,,,
1998-04,,,,,,,,,,,,0.49,0.52,0.52,1,1.01,,,,
1998-05,,,,,,,,,,,,0.51,0.95,0.95,-1.72,-1.72,,,,
1998-06,,,,,,,,,,,,0.48,0.85,0.85,4.05,4.06,,,,
1998-07,,,,,,,,,,,,0.49,0.21,0.21,-1.09,-1.07,,,,
1998-08,,,,,,,,,,,,0.49,1.66,1.63,-14.47,-14.46,,,,
1998-09,,,,,,,,,,,,0.44,2.36,2.34,6.33,6.41,,,,
1998-10,,,,,,,,,,,,0.41,-0.52,-0.53,8.19,8.13,,,,
1998-11,,,,,,,,,,,,0.42,0.56,0.57,6.04,6.06,,,,
1998-12,,,,,,,,,,,,0.43,0.3,0.3,5.76,5.76,,,,
1999-01,,,,,,,,,,,,0.42,0.71,0.71,4.19,4.18,,,,
1999-02,,,,,,,,,,,,0.38,-1.74,-1.75,-3.09,-3.11,,,,
1999-03,,,,,,,,,,,,0.47,0.54,0.55,3.99,4,,,,
1999-04,,,,,,,,,,,,0.46,0.29,0.32,3.86,3.87,,,,
1999-05,,,,,,,,,,,,0.47,-0.89,-0.88,-2.36,-2.36,,,,
1999-06,,,,,,,,,,,,0.49,-0.33,-0.32,5.54,5.55,,,,
1999-07,,,,,,,,,,,,0.52,-0.43,-0.42,-3.14,-3.12,,,,
1999-08,,,,,,,,,,,,0.53,-0.05,-0.05,-0.5,-0.5,,,,
1999-09,,,,,,,,,,,,0.51,1.15,1.16,-2.78,-2.74,,,,
1999-10,,,,,,,,,,,,0.53,0.38,0.37,6.34,6.33,,,,
1999-11,,,,,,,,,,,,0.51,-0.01,-0.01,2,2.03,,,,
1999-12,,,,,,,,,,,,0.54,-0.45,-0.48,5.9,5.89,,,,
2000-01,,,,,,,,,,,,0.56,-0.34,-0.33,-5.03,-5.02,,,,
2000-02,,,,,,,,,,,,0.53,1.22,1.21,-1.93,-1.89,,,,
2000-03,,,,,,,,,,,,0.55,1.32,1.32,9.74,9.78,,,,
2000-04,,,,,,,,,,,,0.52,-0.29,-0.29,-2.98,-3.01,,,,
2000-05,,,,,,,,,,,,0.54,-0.03,-0.05,-2.05,-2.05,,,,
2000-06,,,,,,,,,,,,0.53,2.07,2.08,2.44,2.47,,,,
2000-07,,,,,,,,,,,,0.53,0.89,0.91,-1.56,-1.56,,,,
2000-08,,,,,,,,,,,,0.52,1.46,1.45,6.19,6.21,,,,
2000-09,,,,,,,,,,,,0.49,0.64,0.63,-5.27,-5.28,,,,
2000-10,,,,,,,,,,,,0.51,0.66,0.66,-0.4,-0.42,,,,
2000-11,,,,,,,,,,,,0.48,1.65,1.64,-7.87,-7.88,,,,
2000-12,,,,,,,,,,,,0.48,1.86,1.86,0.5,0.49,,,,
2001-01,,,,,,,,,,,,0.46,1.65,1.63,3.55,3.55,,,,
2001-02,,,,,,,,,,,,0.42,0.87,0.87,-9.12,-9.12,,,,
2001-03,,,,,,,,,,,,0.45,0.51,0.5,-6.33,-6.34,,,,
2001-04,,,,,,,,,,,,0.43,-0.42,-0.42,7.78,7.77,,,,
2001-05,,,,,,,,,,,,0.47,0.61,0.6,0.65,0.67,1.42,2.37,-4.13,-3.53
2001-06,,,,,,,,,,,,0.47,0.39,0.38,-2.42,-2.43,0.66,0.81,-3.99,-4.09
2001-07,,,,,,,,,,,,0.48,2.22,2.24,-0.98,-0.98,-4.13,-4.65,-1.79,-1.82
2001-08,,,,,,,,,,,,0.45,1.2,1.15,-6.27,-6.26,-4.32,-4.86,-2.58,-2.53
2001-09,,,,,,,,,,,,0.43,1.15,1.16,-8.05,-8.08,-12.5,-12.86,-9.95,-10.13
2001-10,,,,,,,,,,,,0.41,2.12,2.09,1.85,1.91,5.09,5.24,2.47,2.56
2001-11,,,,,,,,,,,,0.37,-1.37,-1.38,7.62,7.67,7.84,7.77,3.56,3.69
2001-12,,,,,,,,,,,,0.42,-0.61,-0.64,0.88,0.88,5.31,5.36,0.52,0.59
2002-01,,,,,,,,,,,,0.45,0.79,0.81,-1.47,-1.46,-2.02,-1.89,-5.33,-5.31
2002-02,,,,,,,,,,,,0.4,0.98,0.97,-1.92,-1.93,-2.64,-2.83,0.66,0.7
2002-03,,,,,,,,,,,,0.44,-1.66,-1.66,3.73,3.76,6.83,6.78,5.82,5.41
2002-04,,,,,,,,,,,,0.46,1.89,1.94,-6.06,-6.06,-1.06,-0.98,0.25,0.66
2002-05,,,,,,,,,,,,0.45,0.88,0.85,-0.75,-0.74,-2.39,-2.21,1.29,1.27
2002-06,,,,,,,,,,,,0.43,0.97,0.87,-7.1,-7.12,-6.67,-6.84,-3.87,-3.98
2002-07,,,,,,,,,,,,0.43,1.19,1.21,-7.7,-7.8,-9.93,-9.73,-9.99,-9.87
2002-08,,,,,,,,,,,,0.4,1.58,1.69,0.67,0.66,0.58,0.58,-0.26,-0.23
2002-09,,,,,,,,,,,,0.37,1.63,1.62,-10.87,-10.87,-6.84,-6.74,-10.75,-10.74
2002-10,,,,,,,,,,,,0.33,-0.44,-0.46,8.77,8.8,3.38,3.28,5.42,5.37
2002-11,,,,,,,,,,,,0.34,-0.01,-0.03,5.87,5.89,6.76,6.86,4.49,4.54
2002-12,,,,,,,,,,,,0.38,2.08,2.07,-5.85,-5.88,-4.32,-4.21,-3.27,-3.36
2003-01,,,,,,,,,,,,0.35,0.1,0.09,-2.67,-2.62,-2.35,-2.16,-4.24,-4.17
2003-02,,,,,,,,,,,,0.32,1.41,1.38,-1.49,-1.5,-2.56,-2.54,-2.29,-2.29
2003-03,,,,,,,,,,,,0.33,-0.05,-0.08,0.97,0.97,1.55,1.48,-1.9,-1.96
2003-04,,,,,,,,,,,,0.33,0.83,0.83,8.26,8.24,8.31,8.33,9.82,9.8
2003-05,,,,,,,,,,,,0.34,1.87,1.86,5.26,5.27,9.42,9.5,6.07,6.06
2003-06,,,,,,,,,,,,0.2,-0.3,-0.2,1.2,1.28,2.2,2.38,2.3,2.42
2003-07,,,,,,,,,,,,0.3,-3.41,-3.36,1.78,1.76,4.6,4.67,2.35,2.42
2003-08,,,,,,,,,,,,0.4,0.73,0.66,1.94,1.95,4.12,4.19,2.39,2.41
2003-09,,,,,,,,,,,,0.4,2.68,2.65,-1.14,-1.06,-1.35,-1.24,3.08,3.08
2003-10,,,,,,,,,,,,0.3,-1,-0.93,5.68,5.66,7.65,7.62,6.06,6.23
2003-11,,,,,,,,,,,,0.3,0.3,0.24,0.91,0.88,3.47,3.45,2.22,2.22
2003-12,,,,,,,,,,,,0.49,1.01,1.02,5.24,5.24,2.04,2.08,7.68,7.81
2004-01,,,,,,,,,,,,0.29,0.8,0.8,1.8,1.84,3.53,3.58,1.32,1.41
2004-02,,,,,,,,,,,,0.39,1.09,1.08,1.35,1.39,1.78,1.75,2.22,2.31
2004-03,,,,,,,,,,,,0.29,0.69,0.75,-1.5,-1.51,0.38,0.42,0.6,0.56
2004-04,,,,,,,,,,,,0.29,-2.54,-2.6,-1.52,-1.57,-3.94,-4.02,-2.31,-2.26
2004-05,,,,,,,,,,,,0.39,-0.5,-0.4,1.37,1.37,1.5,1.52,0.3,0.34
2004-06,,,,,,,,,,,,0.38,0.6,0.57,1.86,1.94,2.72,2.74,2.89,2.19
2004-07,,,,,,,,,,,,0.38,1,0.99,-3.24,-3.31,-5.52,-5.54,-3.76,-3.25
2004-08,,,,,,,,,,,,0.38,1.88,1.91,0.34,0.4,0,0.01,1,0.44
2004-09,,,,,,,,,,,,0.38,0.29,0.27,1.11,1.08,3.92,3.84,2.05,2.61
2004-10,,,,,,,,,,,,0.38,0.87,0.84,1.52,1.53,1.85,1.85,3.94,3.41
2004-11,,,,,,,,,,,,0.28,-0.86,-0.8,4.08,4.05,6.96,6.98,6.16,6.83
2004-12,,,,,,,,,,,,0.38,0.97,0.92,3.36,3.4,4.17,4.27,4.38,4.39
2005-01,,,,,,,,,,,,0.37,0.58,0.63,-2.4,-2.44,-3.39,-3.39,-1.87,-1.83
2005-02,,,,,,,,,,,,0.37,-0.57,-0.59,2.06,2.1,2.04,1.94,4.34,4.32
2005-03,,,,,,,,,,,,0.37,-0.48,-0.51,-1.71,-1.77,-1.86,-1.92,-2.52,-2.51
2005-04,,,,,,,,,,,,0.37,1.35,1.35,-1.9,-1.9,-3.72,-3.65,-2.27,-2.35
2005-05,,,,,,,,,,,,0.37,1.05,1.08,3.15,3.18,6.05,5.96,-0.4,0.05
2005-06,,,,,,,,,,,,0.28,0.56,0.55,0.16,0.14,3.37,3.26,1.86,1.33
2005-07,,,,,,,,,,,,0.37,-0.84,-0.91,3.67,3.72,5.59,5.63,3.07,3.07
2005-08,0.17,0.07,,0.07,,,,,,,,0.37,1.23,1.28,-0.9,-0.91,-1.01,-1.15,3.23,2.53
2005-09,0.52,1.17,,1.35,,,,,,,,0.36,-1.03,-1.03,0.84,0.81,0.83,0.76,3.68,4.45
2005-10,-0.17,-1.67,,-1.9,,,,,,,,0.36,-0.75,-0.79,-1.66,-1.67,-2.33,-2.35,-2.9,-2.92
2005-11,1.03,2.8,,3.08,,,,,,,,0.36,0.38,0.44,3.75,3.78,4.72,4.67,2.44,2.45
2005-12,0.59,1.22,,1.32,,,,,,,,0.45,0.95,0.95,0.07,0.03,0.37,0.48,4.64,4.65
2006-01,1.1,3.4,,3.84,,,,,,,,0.36,0.09,0.01,2.66,2.65,6.7,6.57,6.14,6.14
2006-02,0.25,0,,-0.07,,,,,,,,0.36,0.28,0.33,0.22,0.27,-0.98,-0.99,-0.27,-0.22
2006-03,0.67,1.71,,1.98,,,,,,,,0.36,-0.93,-0.98,1.29,1.24,3.84,3.81,3.33,3.3
2006-04,0.74,1.62,,1.75,,,,,,,,0.44,-0.19,-0.18,1.35,1.34,0.34,0.41,4.83,4.78
2006-05,-0.33,-2.45,,-2.87,,,,,,,,0.44,-0.09,-0.11,-2.87,-2.88,-4.36,-4.32,-3.87,-3.88
2006-06,0.33,0.27,,0.26,,,,,,,,0.44,0.19,0.21,0.07,0.14,0.47,0.29,0,-0.01
2006-07,0.49,0.2,,0.13,,,,,,,,0.44,1.32,1.35,0.65,0.62,-2.79,-2.82,0.98,0.99
2006-08,0.9,1.96,,2.22,,,,,,,,0.44,1.58,1.53,2.36,2.38,2.15,2.15,2.76,2.75
2006-09,0.73,1.33,,1.41,,,,,,,,0.35,0.82,0.88,2.58,2.58,0.88,0.91,0.15,0.15
2006-10,1.04,2.94,,3.28,,,,,,,,0.43,0.73,0.66,3.27,3.26,4.99,4.98,3.87,3.89
2006-11,0.79,2.03,,2.32,,,,,,,,0.43,1.08,1.16,1.91,1.9,3.54,3.62,2.96,2.99
2006-12,0.63,1.18,,1.31,,,,,,,,0.34,-0.54,-0.58,1.42,1.4,0.11,0.25,3.11,3.14
2007-01,0.63,1.42,,1.53,,,,,,,,0.43,0,-0.04,1.53,1.51,3.14,3.23,1.31,0.68
2007-02,0.16,-0.49,,-0.64,,,,,,,,0.34,1.53,1.54,-1.95,-1.96,-0.26,-0.25,0.18,0.81
2007-03,0.62,1.16,,1.34,,,,,,,,0.42,0,0,1.09,1.12,1.09,1.08,2.57,2.55
2007-04,1.08,2.95,,3.28,,,,,,,,0.42,0.53,0.54,4.43,4.43,2.51,2.48,3.76,4.44
2007-05,0.92,2.52,,2.79,,,,,,,,0.34,-0.7,-0.76,3.52,3.49,4.4,4.3,2.54,1.75
2007-06,0.08,-0.8,,-0.92,,,,,,,,0.42,-0.27,-0.3,-1.7,-1.66,-1.53,-1.47,0.2,0.12
2007-07,-0.23,-2.13,,-2.52,,,,,,,,0.5,0.8,0.83,-3.1,-3.1,-4.57,-4.49,-2.39,-1.47
2007-08,0.61,0.88,,0.9,,,,,,,,0.33,1.23,1.23,1.54,1.5,1.38,1.01,-0.71,-1.56
2007-09,1.13,3.09,,3.45,,,,,,,,0.41,0.78,0.76,3.76,3.74,2.97,3.03,5.36,5.35
2007-10,0.82,2.09,,2.37,,,,,,,,0.41,0.86,0.9,1.58,1.59,2.83,2.96,4.49,3.93
2007-11,-0.44,-2.94,,-3.36,,,,,,,,0.33,1.88,1.8,-4.2,-4.18,-5.65,-5.61,-3.72,-3.29
2007-12,0.07,-0.63,,-0.82,,,,,,,,0.41,0.25,0.28,-0.66,-0.69,-0.4,-0.48,-2.25,-2.25
2008-01,-0.97,-4.71,,-5.37,,,,,,,,0.33,1.76,1.68,-5.98,-6,-6.27,-6.17,-8.52,-9.24
2008-02,-0.22,-1.51,,-1.8,,,,,,,,0.24,0.16,0.14,-3.28,-3.25,-2.05,-2.16,-0.66,1.43
2008-03,0.23,-0.18,,-0.29,,,,,,,,0.32,0.33,0.34,-0.46,-0.43,-1.43,-1.77,0.18,-1.05
2008-04,1.2,3.74,,4.26,,,,,,,,0.24,-0.16,-0.21,4.94,4.87,5.3,5.45,5.55,5.43
2008-05,0.59,1.48,,1.65,,,,,,,,0.32,-0.74,-0.73,1.27,1.3,4.88,4.76,1.09,0.97
2008-06,-1.47,-5.88,,-6.7,,,,,,,,0.32,-0.08,-0.08,-8.41,-8.43,-7.63,-7.5,-8.15,-8.18
2008-07,0,-1.07,,-1.31,,,,,,,,0.4,-0.01,-0.08,-0.8,-0.84,-0.79,-0.94,-3.72,-3.21
2008-08,0.35,0.17,,0.11,,,,,,,,0.33,0.92,0.95,1.46,1.45,2.17,1.95,-4.16,-4.05
2008-09,-1.75,-7.24,,-8.35,,,,,,,,0.31,-1.31,-1.34,-8.94,-8.91,-10.32,-10.87,-12.31,-14.46
2008-10,-3.44,-13.4,,-15.4,,,,,,,,0.31,-2.4,-2.36,-16.83,-16.79,-20.99,-20.63,-20.59,-20.18
2008-11,-0.84,-4.96,,-5.85,,,,,,,,0.31,3.3,3.25,-7.18,-7.18,-11.13,-11.39,-6.72,-5.41
2008-12,1.21,3.24,,3.63,,,,,,,,0.24,3.73,3.73,1.07,1.06,4.68,4.53,7.66,6.01
2009-01,-1.74,-6.69,,-7.67,,,,,,,,0.19,-0.86,-0.88,-8.41,-8.43,-8.19,-7.47,-11.93,-9.81
2009-02,-1.98,-7.47,,-8.52,,,,,,,,0.21,-0.39,-0.38,-10.64,-10.65,-10.22,-9.78,-10.23,-10.26
2009-03,2.06,6.3,,7.08,,,,,,,,0.24,1.38,1.39,8.81,8.76,8.64,8.62,7.2,6.34
2009-04,2.37,8.2,,9.38,,,,,,,,0.21,0.49,0.48,9.58,9.57,15,14.99,12.13,12.8
2009-05,1.7,5.45,,6.19,,,,,,,,0.25,0.78,0.73,5.6,5.59,3.97,4.15,13.41,11.83
2009-06,0.26,0.12,,0.09,,,,,,,,0.27,0.54,0.57,0.24,0.2,0.73,0.84,-1.08,-0.57
2009-07,1.94,6.16,,7.01,,,,,,,,0.28,1.59,1.61,7.58,7.56,8.66,9.01,9.74,9.13
2009-08,1.07,3.02,,3.41,,,,,,,,0.28,1.03,1.04,3.62,3.61,3.85,3.74,4.87,5.44
2009-09,1.08,3.14,,3.56,,,,,,,,0.26,1.07,1.05,3.74,3.73,5.94,5.81,3.79,3.83
2009-10,-0.26,-1.81,,-2.15,,,,,,,,0.26,0.51,0.49,-1.86,-1.86,-5.51,-5.41,-2.41,-1.25
2009-11,1.27,3.55,,3.98,,,,,,,,0.26,1.3,1.29,6,6,3.85,3.98,3.16,2
2009-12,0.59,1.85,,2.12,,,,,,,,0.25,-1.55,-1.56,1.94,1.93,6.57,6.65,1.43,1.44
2010-01,-0.45,-2.49,,-2.88,,,,,,,,0.29,1.54,1.53,-3.6,-3.6,-2.43,-2.39,-5.17,-4.41
2010-02,0.74,1.94,,2.18,,,,,,,,0.24,0.38,0.37,3.11,3.1,4.89,4.83,0.06,-0.69
2010-03,1.43,4.52,,5.15,,,,,,,,0.27,-0.11,-0.12,6.04,6.03,7.39,7.33,6.28,6.24
2010-04,0.5,0.94,,1.05,,,,,,,,0.28,1.07,1.04,1.58,1.58,4.82,4.76,-2.35,-1.81
2010-05,-1.5,-6.07,,-6.97,,,,,,,,0.28,0.85,0.84,-7.99,-7.99,-7.51,-7.52,-11.2,-11.51
2010-06,-0.61,-2.98,,-3.47,,,,,,,,0.24,1.56,1.57,-5.24,-5.23,-6.9,-6.93,-1.75,-1
2010-07,1.81,5.8,,6.6,,,,,,,,0.23,1.07,1.07,7.01,7.01,7,6.92,10.78,9.48
2010-08,-0.63,-2.88,,-3.33,,,,,,,,0.22,1.28,1.29,-4.51,-4.51,-5.59,-5.56,-3.14,-3.1
2010-09,2,6.77,,7.76,,,,,,,,0.17,0.17,0.11,8.92,8.92,11.47,11.38,9.81,9.8
2010-10,0.92,2.78,,3.16,,,,,,,,0.18,0.36,0.36,3.8,3.8,4.48,4.48,3.63,3.61
2010-11,-0.05,-0.56,,-0.64,,,,,,,,0.17,-0.57,-0.57,0.01,0.01,3,2.98,-4.84,-4.81
2010-12,1.49,4.96,,5.67,,,,,,,,0.2,-1.05,-1.08,6.68,6.68,7.38,7.34,8.12,8.1
2011-01,0.63,1.57,,1.75,,,,,,,,0.24,0.13,0.12,2.37,2.37,1.23,1.28,2.41,2.36
2011-02,0.9,2.6,,2.95,,3.28,,,,,,0.22,0.26,0.25,3.42,3.43,4.52,4.44,3.33,3.3
2011-03,0.17,-0.05,,-0.08,,-0.15,,,,,,0.26,0.06,0.06,0.04,0.04,2.06,2.02,-2.23,-2.24
2011-04,1.01,2.83,,3.2,,3.57,,,,,,0.25,1.28,1.27,2.96,2.96,2.94,2.99,6.03,5.98
2011-05,-0.05,-0.97,,-1.15,,-1.39,,,,,,0.25,1.31,1.31,-1.13,-1.13,-1.27,-1.27,-2.9,-2.95
2011-06,-0.18,-1.1,,-1.3,,-1.48,,,,,,0.21,-0.3,-0.29,-1.67,-1.67,-2.35,-2.33,-1.16,-1.25
2011-07,-0.14,-1.25,,-1.49,,-1.75,,,,,,0.22,1.59,1.59,-2.04,-2.03,-3.14,-3.23,-1.6,-1.59
2011-08,-1.1,-4.63,,-5.37,,-6.16,,,,,,0.19,1.45,1.46,-5.44,-5.43,-8.12,-8.17,-9.03,-9.03
2011-09,-1.51,-5.92,,-6.85,,-7.8,,,,,,0.16,0.73,0.73,-7.03,-7.03,-10.73,-10.79,-10.55,-9.53
2011-10,2.31,7.68,,8.83,,9.92,,,,,,0.14,0.11,0.11,10.93,10.93,14.09,14,9.48,9.64
2011-11,0.02,-0.49,,-0.62,,-0.78,,,,,,0.14,0.01,-0.09,-0.21,-0.22,-0.51,-0.57,-2.46,-4.85
2011-12,0.2,0.09,,0.07,,-0.01,,,,,,0.15,1.01,1.1,1.04,1.02,-0.04,-0.05,-2.03,-0.95
2012-01,1.18,3.77,,4.34,,4.87,,,,,,0.13,0.88,0.88,4.5,4.48,7.59,7.56,5.36,5.33
2012-02,0.98,3.1,,3.54,,3.99,,,,,,0.12,0.05,-0.02,4.34,4.32,3.99,4.02,5.14,5.74
2012-03,0.54,1.49,,1.68,,1.86,,,,,,0.14,-0.61,-0.55,3.3,3.29,2.3,2.29,0.13,-0.46
2012-04,0.01,-0.52,,-0.63,,-0.78,,,,,,0.15,1.12,1.11,-0.62,-0.63,-0.71,-0.73,-1.87,-1.96
2012-05,-1.38,-5.23,,-6,,-6.85,,,,,,0.14,0.91,0.9,-5.99,-6.01,-6.91,-6.99,-11.4,-11.48
2012-06,1.04,3.32,,3.77,,4.27,,,,,,0.11,0.05,0.04,4.13,4.12,3.25,3.16,7.08,7.01
2012-07,0.37,0.71,,0.75,,0.78,,,,,,0.12,1.38,1.38,1.4,1.39,-0.62,-0.69,0.56,1.13
2012-08,0.63,1.94,,2.23,,2.51,,,,,,0.11,0.07,0.07,2.25,2.25,3.57,3.45,3.29,2.69
2012-09,0.62,1.87,,2.12,,2.38,,,,,,0.1,0.15,0.14,2.57,2.58,2.51,2.45,2.96,2.96
2012-10,-0.11,-0.6,,-0.71,,-0.8,,,,,,0.12,0.2,0.2,-1.86,-1.85,-1.31,-1.32,0.85,0.83
2012-11,0.34,0.93,,1.06,,1.19,,,,,,0.11,0.16,0.16,0.57,0.58,1.53,1.47,2.41,2.42
2012-12,0.47,1.48,,1.69,,1.93,,,,,,0.12,-0.13,-0.14,0.91,0.91,2.69,2.62,4.02,3.2
2013-01,1.1,3.56,,4.11,,4.63,,,,,,0.13,-0.56,-0.7,5.18,5.18,6.96,6.97,4.45,5.27
2013-02,0.27,0.49,,0.54,,0.56,,,,,,0.13,0.51,0.5,1.36,1.36,1,0.97,-0.99,-0.95
2013-03,0.73,2.12,,2.44,,2.71,,,,,,0.13,0.07,0.08,3.75,3.75,4.69,4.69,0.88,0.82
2013-04,0.67,1.91,,2.13,,2.41,,,,,,0.12,1.02,1.01,1.93,1.93,0.65,0.64,5.32,5.21
2013-05,0.19,0.43,,0.51,,0.53,,,,,,0.12,-1.78,-1.78,2.34,2.34,2.71,2.67,-3.12,-2.41
2013-06,-0.3,-1.2,,-1.4,,-1.59,,,,,,0.14,-1.53,-1.55,-1.34,-1.34,-0.99,-0.98,-2.77,-3.55
2013-07,1.21,3.72,,4.29,,4.83,,,,,,0.18,0.13,0.14,5.1,5.09,6.88,6.79,5.29,5.28
2013-08,-0.39,-1.6,,-1.87,,-2.11,,,,,,0.18,-0.48,-0.51,-2.89,-2.9,-2.76,-2.75,-1.31,-1.32
2013-09,1.12,3.4,,3.9,,4.42,,,,,,0.19,0.99,0.95,3.14,3.14,5.89,5.87,7.41,7.39
2013-10,1.01,2.75,,3.11,,3.47,,,,,,0.19,0.89,0.81,4.6,4.6,2.94,2.9,3.38,3.36
2013-11,0.58,1.54,,1.74,,1.93,,,,,,0.18,-0.35,-0.37,3.05,3.05,2.49,2.4,0.75,0.77
2013-12,0.58,1.56,,1.77,,1.98,,,,,,0.19,-0.56,-0.57,2.54,2.53,2.94,3.01,1.51,1.5
2014-01,-0.42,-2.04,,-2.35,,-2.71,,,,,,0.21,1.58,1.48,-3.45,-3.46,-1.91,-1.81,-4.03,-4.03
2014-02,1.15,3.44,,3.94,,4.44,,,,,,0.18,0.62,0.53,4.58,4.57,5.43,5.47,5.58,5.56
2014-03,0.19,0.14,,0.12,,0.09,,,,,,0.19,-0.15,-0.17,0.85,0.84,-0.69,-0.72,-0.57,-0.64
2014-04,0.31,0.37,,0.32,,0.32,,,,,,0.2,0.9,0.84,0.75,0.74,-2.47,-2.57,1.51,1.45
2014-05,0.64,1.46,,1.63,,1.78,,,,,,0.2,1.21,1.14,2.35,2.35,1.52,1.51,1.72,1.62
2014-06,0.58,1.52,,1.77,,1.96,,,,,,0.19,0.14,0.05,2.07,2.07,4.45,4.44,0.99,0.96
2014-07,-0.26,-1.34,,-1.63,,-1.86,,,,,,0.19,-0.19,-0.25,-1.37,-1.38,-4.38,-4.44,-1.95,-1.97
2014-08,0.84,2.07,,2.4,,2.61,,,,,,0.2,1.12,1.1,4.01,4,4.98,4.95,-0.14,-0.15
2014-09,-0.42,-1.84,,-2.18,,-2.5,,,,,,0.18,-0.58,-0.68,-1.4,-1.4,-5.1,-5.08,-3.82,-3.84
2014-10,0.61,1.36,,1.58,,1.7,,,,,,0.2,0.96,0.98,2.45,2.44,4.11,4.04,-0.63,-1.45
2014-11,0.55,1.27,,1.42,,1.55,,,,,,0.17,0.74,0.7,2.7,2.69,1.33,1.33,0.51,1.36
2014-12,-0.04,-0.67,,-0.76,,-0.94,,,,,,0.18,0.21,0.09,-0.24,-0.25,0.99,0.97,-4.13,-3.46
2015-01,-0.08,-0.83,,-1.02,,-1.18,,,,,,0.18,2.13,2.1,-2.99,-3,-1.85,-1.89,1.19,0.49
2015-02,1.19,3.8,,4.39,,4.99,,,,,,0.13,-0.91,-0.94,5.75,5.75,6.05,6.03,5.97,5.98
2015-03,-0.07,-0.58,,-0.64,,-0.76,,,,,,0.16,0.47,0.46,-1.57,-1.58,1.24,1.23,-1.43,-1.52
2015-04,0.37,0.95,,1,,1.16,,,,,,0.15,-0.28,-0.36,0.96,0.96,-1.5,-1.55,4.11,4.08
2015-05,0.3,0.62,,0.72,,0.78,,,,,,0.17,-0.26,-0.24,1.29,1.29,1.84,1.83,-0.42,-0.51
2015-06,-0.33,-1.28,,-1.46,,-1.66,,,,,,0.17,-1.07,-1.09,-1.93,-1.94,-0.71,-0.76,-2.8,-2.83
2015-07,0.55,1.22,,1.33,,1.46,,,,,,0.19,0.74,0.7,2.1,2.1,-0.12,-0.12,2.08,2.08
2015-08,-1.1,-4.04,,-4.69,,-5.37,,,,,,0.18,-0.11,-0.14,-6.03,-6.03,-5.8,-5.89,-7.36,-7.36
2015-09,-0.51,-2.26,,-2.67,,-3.09,,,,,,0.18,0.75,0.68,-2.47,-2.47,-4.8,-4.84,-5.02,-5.08
2015-10,1.64,4.88,,5.58,,6.31,,,,,,0.17,0.02,0.02,8.45,8.44,5.61,5.5,7.07,7.82
2015-11,0.17,0.2,,0.24,,0.24,,,,,,0.17,-0.24,-0.26,0.31,0.3,1.75,1.66,-0.86,-1.56
2015-12,-0.28,-1.32,,-1.61,,-1.85,,,,,,0.18,-0.3,-0.32,-1.57,-1.58,-3.91,-3.91,-2.03,-1.35
2016-01,-0.91,-3.58,,-4.21,,-4.86,,,,,,0.19,1.49,1.38,-4.96,-4.96,-8.72,-8.84,-5.62,-7.23
2016-02,0.01,-0.41,,-0.51,,-0.63,,,,,,0.15,0.68,0.71,-0.12,-0.13,0.5,0.45,-2.82,-1.83
2016-03,1.53,4.54,,5.25,,5.94,,,,,,0.15,0.93,0.92,6.79,6.78,8.24,8.18,6.59,6.51
2016-04,0.34,0.75,,0.85,,0.95,,,,,,0.14,0.41,0.38,0.39,0.39,1.73,1.68,1.89,2.9
2016-05,0.38,0.91,,1.03,,1.15,,,,,,0.15,0.08,0.03,1.8,1.8,1.81,1.78,0.27,-0.91
2016-06,0.11,-0.31,,-0.43,,-0.58,,,,,,0.15,1.8,1.8,0.26,0.26,-0.13,-0.15,-3.33,-3.36
2016-07,1,2.85,,3.31,,3.74,,,,,,0.13,0.64,0.63,3.69,3.69,5.4,5.38,5.07,5.07
2016-08,0.13,0.18,,0.2,,0.21,,,,,,0.13,-0.11,-0.11,0.14,0.14,0.8,0.76,0.08,0.07
2016-09,0.2,0.38,,0.43,,0.48,,,,,,0.13,-0.04,-0.06,0.02,0.02,0.9,0.89,1.24,1.23
2016-10,-0.38,-1.39,,-1.66,,-1.89,,,,,,0.14,-0.74,-0.76,-1.82,-1.82,-3.86,-3.86,-2.03,-2.05
2016-11,0.49,1.57,,1.87,,2.19,,,,,,0.16,-2.35,-2.37,3.71,3.7,7.95,7.83,-1.99,-1.99
2016-12,0.64,1.59,,1.82,,2.04,,,,,,0.2,0.16,0.14,1.98,1.98,1.81,1.8,3.44,3.42
2017-01,0.61,1.48,,1.7,,1.91,,,,,,0.2,0.23,0.2,1.9,1.9,2.16,2.15,2.89,2.9
2017-02,0.77,1.96,,2.25,,2.51,,,,,,0.18,0.71,0.67,3.97,3.97,2.45,2.45,1.44,1.43
2017-03,0.33,0.64,,0.71,,0.78,,,,,,0.2,-0.01,-0.05,0.12,0.12,-0.08,-0.07,2.85,2.75
2017-04,0.5,1.07,,1.21,,1.34,,,,,,0.2,0.81,0.77,1.03,1.03,1.15,1.11,2.62,2.54
2017-05,0.55,1.22,,1.38,,1.51,,,,,,0.19,0.81,0.77,1.41,1.41,-0.77,-0.78,3.76,3.67
2017-06,0.26,0.46,,0.52,,0.58,,,,,,0.19,-0.09,-0.1,0.62,0.62,2.33,2.31,-0.18,-0.18
2017-07,0.6,1.42,,1.63,,1.82,,,,,,0.19,0.43,0.43,2.05,2.06,1.11,1.11,2.88,2.88
2017-08,0.22,0.19,,0.17,,0.15,,,,,,0.19,0.91,0.9,0.3,0.31,-0.41,-0.41,-0.03,-0.04
2017-09,0.6,1.6,,1.87,,2.14,,,,,,0.17,-0.48,-0.48,2.06,2.06,4.26,4.22,2.52,2.49
2017-10,0.54,1.27,,1.46,,1.63,,,,,,0.19,0.07,0.06,2.33,2.33,1.41,1.4,1.54,1.52
2017-11,0.62,1.55,,1.8,,2.03,,,,,,0.19,-0.11,-0.13,3.07,3.07,2.9,2.86,1.06,1.05
2017-12,0.41,0.81,,0.92,,1,,,,,,0.2,0.48,0.46,1.11,1.11,0.47,0.52,1.6,1.61
2018-01,1.1,3.12,,3.66,,4.15,,,,,,0.2,-1.14,-1.15,5.72,5.73,3.34,3.35,5,5.02
2018-02,-0.7,-2.48,,-2.98,,-3.41,,,,,,0.21,-0.96,-0.95,-3.69,-3.69,-3.79,-3.79,-5.07,-4.51
2018-03,-0.08,-0.78,,-0.96,,-1.11,,,,,,0.24,0.65,0.64,-2.55,-2.54,0.69,0.7,-0.76,-1.8
2018-04,0.3,0.55,,0.62,,0.69,,,,,,0.23,-0.73,-0.74,0.38,0.38,0.28,0.24,2.01,2.28
2018-05,0.5,0.98,,1.13,,1.26,,,,,,0.24,0.73,0.71,2.41,2.41,4.85,4.77,-2.13,-2.25
2018-06,0.19,0.14,,0.13,,0.12,,,,,,0.24,-0.1,-0.12,0.61,0.62,0.86,0.87,-1.2,-1.22
2018-07,0.79,1.91,,2.21,,2.48,,,,,,0.25,0.04,0.02,3.72,3.72,1.64,1.61,2.45,2.46
2018-08,0.61,1.28,,1.47,,1.65,,,,,,0.26,0.67,0.64,3.26,3.26,4.57,4.5,-1.91,-1.93
2018-09,0.21,0.23,,0.22,,0.21,,,,,,0.24,-0.62,-0.64,0.57,0.57,-1.76,-1.75,0.91,0.87
2018-10,-1.4,-4.6,,-5.54,,-6.35,,,,,,0.26,-0.78,-0.79,-6.84,-6.84,-10.06,-10.07,-7.94,-7.96
2018-11,0.53,0.99,,1.12,,1.22,,,,,,0.26,0.62,0.6,2.04,2.04,1.92,1.84,-0.13,-0.13
2018-12,-1.31,-4.64,,-5.61,,-6.45,,,,,,0.26,1.84,1.84,-9.03,-9.03,-10.7,-10.78,-4.82,-4.85
2019-01,1.83,4.92,,5.86,,6.67,,,,,,0.23,1.07,1.06,8.01,8.01,11.64,11.6,6.6,6.57
2019-02,0.8,2,,2.36,,2.68,,,,,,0.2,-0.06,-0.06,3.21,3.21,4.98,4.97,2.55,2.55
2019-03,0.52,0.87,,0.96,,1.02,,,,,,0.23,1.93,1.92,1.95,1.94,-1.03,-0.99,0.71,0.63
2019-04,0.89,2.23,,2.62,,2.96,,,,,,0.21,0.02,0.03,4.05,4.05,3.69,3.66,2.92,2.81
2019-05,-0.98,-3.36,,-4.06,,-4.67,,,,,,0.21,1.77,1.78,-6.36,-6.35,-6.99,-6.95,-4.69,-4.8
2019-06,1.57,4.11,,4.87,,5.52,,,,,,0.19,1.26,1.26,7.04,7.05,6.8,6.81,5.94,5.93
2019-07,0.19,0.21,,0.22,,0.22,,,,,,0.18,0.21,0.22,1.44,1.44,1.64,1.63,-2.09,-1.27
2019-08,-0.12,-0.96,,-1.22,,-1.46,,,,,,0.18,2.6,2.59,-1.59,-1.59,-4.19,-4.18,-1.77,-2.59
2019-09,0.51,1.28,,1.5,,1.69,,,,,,0.14,-0.54,-0.53,1.87,1.87,1.06,1,2.87,2.87
2019-10,0.7,1.67,,1.95,,2.2,,,,,,0.14,0.28,0.3,2.16,2.17,1.93,1.89,3.6,3.59
2019-11,0.71,1.77,,2.1,,2.38,,,,,,0.14,-0.05,-0.05,3.63,3.63,4.54,4.58,1.15,1.13
2019-12,0.74,1.83,,2.15,,2.43,,,,,,0.16,-0.08,-0.07,3.01,3.02,2.15,2.16,3.24,3.25
2020-01,0.01,-0.45,,-0.59,,-0.71,,,,,,0.17,1.91,1.92,-0.04,-0.04,-0.62,-0.55,-2.73,-2.09
2020-02,-1.52,-4.65,,-5.58,,-6.39,,,,,,0.13,1.82,1.8,-8.24,-8.23,-8.01,-7.96,-7.74,-9.04
2020-03,-3.09,-8.72,,-10.42,,-11.9,,,,,,0.11,-0.64,-0.59,-12.4,-12.35,-21.4,-21.36,-13.87,-13.35
2020-04,2.52,6.71,,8.02,,9.16,,,,,,0.07,1.78,1.78,12.81,12.82,15.81,15.82,6.42,6.46
2020-05,1.23,3.25,,3.88,,4.43,,,,,,0.06,0.46,0.47,4.76,4.76,8.79,8.82,4.5,4.35
2020-06,0.73,1.81,,2.14,,2.42,,,,,,0.06,0.63,0.63,1.99,1.99,4,4.05,3.44,3.41
2020-07,1.11,2.82,2.86,3.35,3.32,3.8,4.13,4.13,4.13,,,0.06,1.49,1.49,5.64,5.64,5.71,5.7,2.33,2.33
2020-08,1.39,3.81,4.18,4.56,4.88,5.21,6.41,6.4,6.4,,,0.05,-0.81,-0.81,7.19,7.19,7.2,7.18,5.12,5.14
2020-09,-0.66,-1.92,-2.11,-2.3,-2.46,-2.63,-3.2,-3.2,-3.2,,,0.06,-0.03,-0.05,-3.8,-3.8,-3.04,-2.99,-2.6,-2.6
2020-10,-0.58,-1.61,-1.76,-1.91,-2.04,-2.17,-2.6,-2.6,-2.6,,,0.06,-0.42,-0.45,-2.66,-2.66,0.5,0.45,-3.97,-3.99
2020-11,3,8.1,8.92,9.74,10.47,11.19,13.55,13.55,13.55,,,0.07,0.99,0.98,10.95,10.95,18.26,18.27,15.54,15.5
2020-12,1.07,2.79,3.06,3.34,3.59,3.83,4.63,4.63,4.63,,,0.07,0.14,0.14,3.84,3.84,7.24,7.24,4.64,4.65
2021-01,-0.1,-0.32,-0.35,-0.37,-0.39,-0.41,-0.44,-0.44,-0.44,,,0.07,-0.71,-0.72,-1.01,-1.01,2.85,2.84,-1.09,-1.07
2021-02,0.63,1.7,1.86,2.03,2.17,2.32,2.93,2.93,2.93,,,0.08,-1.45,-1.44,2.76,2.76,5.21,5.19,2.26,2.24
2021-03,0.71,1.78,1.93,2.08,2.2,2.33,2.92,2.92,2.91,,,0.11,-1.23,-1.25,4.38,4.38,-0.39,-0.4,2.35,2.3
2021-04,1.14,2.74,2.99,3.24,3.45,3.66,4.35,4.35,4.35,,,0.13,0.82,0.79,5.33,5.34,4.23,4.22,3.09,3.01
2021-05,0.47,1,1.08,1.16,1.22,1.28,1.5,1.5,1.5,,,0.13,0.34,0.33,0.69,0.7,-0.66,-0.66,3.61,3.26
2021-06,0.39,0.79,0.86,0.92,0.98,1.03,1.17,1.17,1.17,,,0.12,0.74,0.7,2.33,2.33,3.46,3.46,-1.44,-1.13
2021-07,0.47,0.92,0.99,1.05,1.1,1.15,1.26,1.26,1.26,,,0.13,1.15,1.12,2.37,2.38,-1.24,-1.23,0.72,0.75
2021-08,0.63,1.5,1.63,1.77,1.88,1.99,2.42,2.42,2.41,,,0.11,-0.18,-0.19,3.03,3.04,2,2,1.76,1.76
2021-09,-0.87,-2.37,-2.61,-2.85,-3.05,-3.25,-3.87,-3.87,-3.87,,,0.11,-0.86,-0.87,-4.65,-4.65,-4,-4.01,-2.81,-2.9
2021-10,1.28,3.14,3.43,3.72,3.97,4.22,5.12,5.11,5.11,,,0.13,-0.04,-0.03,7,7.01,5.43,5.42,2.46,2.46
2021-11,-0.5,-1.55,-1.72,-1.89,-2.04,-2.2,-2.71,-2.71,-2.71,,,0.13,0.3,0.3,-0.69,-0.69,-5.03,-5.03,-4.66,-4.65
2021-12,1.06,2.54,2.76,2.99,3.17,3.37,4.08,4.08,4.08,,,0.12,-0.32,-0.26,4.48,4.48,0.58,0.55,5.1,5.12
2022-01,-1.28,-3.33,-3.68,-4.01,-4.32,-4.6,-5.41,-5.42,-5.42,,,0.13,-2.09,-2.15,-5.18,-5.17,-10.07,-10.09,-3.96,-4.83
2022-02,-0.51,-1.45,-1.61,-1.76,-1.89,-2.01,-2.38,-2.38,-2.38,,,0.14,-1.08,-1.12,-2.99,-2.99,0.03,-0.02,-2.61,-1.77
2022-03,0.49,1.14,1.21,1.29,1.34,1.42,1.88,1.88,1.87,,,0.17,-2.73,-2.78,3.72,3.71,0.9,0.86,-0.33,0.64
2022-04,-2.04,-5.12,-5.63,-6.12,-6.56,-6.97,-8.11,-8.11,-8.11,,,0.2,-3.75,-3.79,-8.72,-8.72,-10.57,-10.58,-6.39,-6.47
2022-05,0.04,-0.35,-0.41,-0.48,-0.54,-0.61,-0.89,-0.89,-0.89,,,0.21,1.13,0.64,-1.65,0.18,-3.53,-2.24,1.19,0.75
2022-06,-1.6,-4.37,-4.84,-5.29,-5.69,-6.07,-7.25,-7.25,-7.25,,,0.29,-1.94,-1.57,-6.55,-8.25,-7.95,-9.26,-8.21,-9.28
2022-07,2.21,5,5.47,5.92,6.33,6.72,7.89,7.9,7.9,,,0.26,2.47,2.44,9.22,9.22,10.32,10.26,5.15,4.98
2022-08,-1.04,-2.74,-3.03,-3.3,-3.55,-3.77,-4.36,-4.36,-4.36,,,0.25,-2.8,-2.83,-4.08,-4.08,-2.08,-2.11,-5.79,-4.75
2022-09,-2.33,-5.85,-6.44,-7.01,-7.5,-7.97,-9.29,-9.29,-9.29,,,0.28,-4.31,-4.32,-9.21,-9.21,-9.91,-9.93,-9.4,-9.35
2022-10,1.98,4.52,4.91,5.32,5.66,6.02,7.36,7.36,7.36,,,0.34,-1.26,-1.3,8.1,8.1,8.59,8.53,5.98,5.38
2022-11,2.41,5.21,5.69,6.15,6.55,6.93,8.03,8.03,8.03,,,0.35,3.7,3.68,5.58,5.59,3.59,3.59,13.72,11.26
2022-12,-0.9,-2.64,-2.93,-3.22,-3.47,-3.71,-4.48,-4.49,-4.49,,,0.32,-0.65,-0.45,-5.78,-5.76,-6.55,-6.53,-1.85,0.08
2023-01,2.26,4.87,5.33,5.78,6.17,6.54,7.62,7.62,7.63,,,0.34,3.25,3.08,6.28,6.28,10.82,10.8,8.43,8.1
2023-02,-0.55,-1.54,-1.72,-1.88,-2.03,-2.16,-2.43,-2.44,-2.44,,,0.28,-2.58,-2.59,-2.44,-2.44,-1.63,-1.66,-2.84,-2.09
2023-03,1.05,1.87,2.01,2.14,2.24,2.34,2.54,2.55,2.55,,,0.35,2.55,2.54,3.67,3.67,-2.9,-2.9,3.11,2.48
2023-04,0.63,1.07,1.13,1.2,1.25,1.31,1.48,1.48,1.48,,,0.3,0.6,0.61,1.56,1.56,-2.18,-2.18,2.87,2.82
2023-05,-0.12,-0.63,-0.72,-0.81,-0.89,-0.96,-1.12,-1.12,-1.12,,,0.31,-1.1,-1.09,0.43,0.43,0.44,0.44,-4.01,-4.23
2023-06,1.7,3.74,4.07,4.41,4.71,5,6.07,6.07,6.07,,,0.32,-0.36,-0.36,6.61,6.61,8.31,8.3,4.57,4.55
2023-07,1.09,2.18,2.36,2.54,2.7,2.86,3.42,3.42,3.42,,,0.34,-0.07,-0.07,3.21,3.21,5.91,5.89,2.82,3.24
2023-08,-0.46,-1.55,-1.74,-1.92,-2.09,-2.24,-2.71,-2.71,-2.71,,,0.35,-0.63,-0.64,-1.58,-1.59,-4.06,-4.07,-3.9,-3.83
2023-09,-1,-2.66,-2.96,-3.24,-3.48,-3.71,-4.31,-4.31,-4.32,,,0.35,-2.54,-2.54,-4.77,-4.77,-4.9,-4.89,-3.51,-3.42
2023-10,-0.56,-1.77,-1.99,-2.2,-2.39,-2.57,-3.04,-3.05,-3.05,,,0.4,-1.58,-1.58,-2.1,-2.1,-6.26,-6.26,-3.22,-4.05
2023-11,2.81,5.88,6.44,6.97,7.44,7.88,9.14,9.14,9.14,,,0.41,4.51,4.53,9.12,9.13,11.19,10.99,8.54,9.28
2023-12,1.87,3.71,4.05,4.37,4.66,4.93,5.61,5.61,5.62,,,0.39,3.72,3.83,4.54,4.54,10.45,10.43,5.39,5.31
2024-01,0.36,0.41,0.41,0.41,0.4,0.41,0.45,0.45,0.45,,,0.34,-0.19,-0.27,1.68,1.68,-2.41,-2.4,-0.22,0.58
2024-02,1.29,2.74,2.96,3.2,3.41,3.62,4.48,4.48,4.48,,,0.33,-1.41,-1.41,5.34,5.34,6.03,6.05,2.74,1.83
2024-03,1.15,2.16,2.33,2.5,2.65,2.79,3.26,3.26,3.26,,,0.38,0.87,0.92,3.22,3.22,3.33,3.34,3.36,3.29
2024-04,-0.95,-2.48,-2.76,-3.03,-3.27,-3.49,-4.06,-4.06,-4.06,,,0.35,-2.47,-2.53,-4.08,-4.08,-6.46,-6.47,-3.17,-2.56
2024-05,1.58,3.07,3.33,3.58,3.8,4.02,4.67,4.67,4.67,,,0.41,1.69,1.7,4.96,4.96,3.36,3.35,4.86,3.87
2024-06,0.65,0.95,1,1.05,1.1,1.14,1.25,1.25,1.25,,,0.38,0.94,0.95,3.58,3.59,-0.1,-0.1,-1.62,-1.61
2024-07,1.04,1.75,1.89,2.02,2.14,2.24,2.46,2.46,2.46,,,0.39,2.33,2.34,1.21,1.22,6.23,6.17,2.86,2.93
2024-08,0.98,1.69,1.82,1.93,2.04,2.13,2.38,2.38,2.38,2.39,,0.35,1.43,1.44,2.42,2.43,0.25,0.24,3.15,2.8
2024-09,0.72,1.15,1.24,1.31,1.38,1.44,1.58,1.58,1.58,1.58,,0.33,1.34,1.34,2.13,2.14,1.55,1.54,0.77,1.16
2024-10,-0.5,-1.36,-1.54,-1.7,-1.83,-1.95,-2.21,-2.21,-2.21,-2.22,,0.33,-2.48,-2.48,-0.91,-0.91,0.59,0.61,-5.17,-4.86
2024-11,1.51,2.94,3.19,3.45,3.66,3.88,4.56,4.56,4.56,4.54,,0.36,1.14,1.06,5.87,5.87,11.97,11.96,-0.01,-0.53
2024-12,-0.66,-1.86,-2.08,-2.3,-2.49,-2.66,-3.14,-3.14,-3.14,-3.13,,0.36,-1.71,-1.64,-2.39,-2.38,-7.05,-7.03,-2.83,-2.36
2025-01,1.2,2.21,2.38,2.56,2.71,2.86,3.36,3.36,3.36,3.36,,0.39,0.51,0.53,2.78,2.78,4.99,4.98,3.68,3.97
2025-02,0.07,-0.42,-0.49,-0.57,-0.64,-0.72,-1.11,-1.11,-1.1,-1.09,,0.36,2.2,2.2,-1.3,-1.3,-5.8,-5.79,0.91,0.14
2025-03,-0.81,-2.27,-2.52,-2.78,-3,-3.21,-3.94,-3.94,-3.94,-3.93,,0.37,0.04,0.04,-5.64,-5.63,-7.92,-7.94,0.02,-0.33
2025-04,0.67,0.92,0.95,0.97,0.99,1,1.01,1.01,1.01,1.01,,0.35,0.39,0.39,-0.68,-0.68,-0.78,-0.76,4.16,4.54
2025-05,1.79,3.65,3.97,4.29,4.57,4.86,5.9,5.9,5.9,5.9,,0.36,-0.71,-0.72,6.29,6.29,7.21,7.22,4.97,4.96
2025-06,1.57,3,3.26,3.51,3.73,3.95,4.61,4.61,4.62,4.61,,0.37,1.54,1.54,5.08,5.09,5.4,5.4,3.73,3.53
2025-07,0.5,0.69,0.72,0.75,0.78,0.81,0.95,0.95,0.95,0.95,0.95,0.37,-0.25,-0.26,2.24,2.24,2.53,2.54,-1.52,-0.75
2025-08,1.12,1.97,2.14,2.29,2.42,2.55,2.95,2.95,2.95,2.95,2.95,0.37,1.19,1.2,2.03,2.03,4.08,4.05,3.95,3.45
2025-09,1.18,2.14,2.32,2.50,2.64,2.79,3.24,3.25,3.25,3.25,3.25,0.35,1.09,1.09,3.65,3.65,2.04,2.04,3.16,2.87
2025-10,0.87,1.42,1.55,1.65,1.74,1.83,2.11,2.11,2.11,2.11,2.11,0.36,0.62,0.62,2.34,2.34,1.16,1.16,2.13,2.36
2025-11,0.35,0.31,0.30,0.30,0.29,0.28,0.23,0.23,0.23,0.23,0.23,0.34,0.64,0.62,0.24,0.25,-0.45,-0.49,0.42,0.29
2025-12,0.51,0.72,0.76,0.80,0.83,0.86,1.01,1.01,1.01,1.01,1.01,0.35,-0.26,-0.15,0.06,0.06,-0.53,-0.53,3.04,3.28
2026-01,1.12,1.94,2.19,2.34,2.48,2.62,3.11,3.11,3.11,3.11,3.11,0.37,0.20,0.11,1.45,1.45,2.41,2.38,5.94,6.09
2026-02,0.82,1.26,1.41,1.50,1.58,1.65,1.82,1.82,1.82,1.82,1.82,0.33,1.63,1.64,-0.76,-0.76,1.08,1.06,6.05,5.96
2026-03,-1.66,-3.67,-4.29,-4.69,-5.04,-5.37,-6.40,-6.40,-6.40,-6.40,-6.40,0.34,-1.77,-1.76,-4.98,-4.98,-4.58,-4.59,-9.35,-11.11
2026-04,2.95,5.59,6.60,7.16,7.64,8.13,9.84,9.84,9.84,9.84,9.84,0.36,0.12,0.11,10.49,10.49,9.96,9.93,9.11,10.23
2026-05,1.66,2.95,3.44,3.71,3.95,4.18,5.00,5.00,5.00,5.00,5.00,0.39,0.33,0.31,5.26,5.26,4.49,4.46,4.90,5.53
2026-06,0.30,0.21,0.18,0.16,0.14,0.12,0.06,0.06,0.06,0.06,0.06,0.37,0.25,0.24,-0.95,-0.95,4.34,4.31,-0.03,-0.53
2026-07,-0.06,-0.41,-0.57,-0.66,-0.73,-0.79,-0.92,-0.92,-0.92,-0.92,-0.92,0.39,-1.29,-1.30,-0.07,-0.06,-4.12,-4.16,-1.01,-0.46
2026-08,1.11,1.75,2.04,2.19,2.31,2.43,2.85,2.86,2.86,2.85,2.86,0.41,0.40,0.39,2.72,2.72,2.27,2.28,3.32,3.28
2026-09,-0.28,-0.78,-1.02,-1.15,-1.25,-1.34,-1.48,-1.48,-1.48,-1.49,-1.49,0.40,-2.59,-2.61,-0.35,-0.35,-3.86,-3.87,-2.30,-2.28
